,Stage Name ,Full Name ,Korean Name ,K. Stage Name,Date of Birth ,Group ,Country ,Height ,Weight,Birthplace ,Gender ,Instagram
247,T.O.P,Choi Seunghyun,최승현,탑,11/4/1987,BIGBANG,South Korea,180,65,Seoul,M,
248,Taeyang,Dong Youngbae,동영배,태양,5/18/1988,BIGBANG,South Korea,174,56,Uljeongbu,M,
249,G-Dragon,Kwon Jiyong,권지용,지드래곤,8/18/1988,BIGBANG,South Korea,177,58,Seoul,M,
250,Daesung,Daesung,강대성,대성,4/26/1989,BIGBANG,South Korea,178,63,Incheon,M,
251,Seungri,Lee Seunghyun,이승현,승리,12/12/1990,,South Korea,176,60,Gwangju,M,
252,Leeteuk,Park Jeongsu,박정수,이특,7/1/1983,Super Junior,South Korea,179,59,Seoul,M,
253,Heechul,Kim Heechul,김희철,희철,7/10/1983,Super Junior,South Korea,179,60,Hoengseong,M,
254,Yesung,Kim Jongwoon,김종운,예성,8/24/1984,Super Junior,South Korea,178,64,Seoul,M,
255,Kangin,Kim Youngwoon,김영운,강인,1/17/1985,,South Korea,178,70,Seoul,M,
256,Sungmin,Lee Sungmin,이성민,성민,1/1/1986,Super Junior,South Korea,175,57,Gyeonggi,M,
257,Shindong,Shin Donghee,신동희,신동,9/28/1985,Super Junior,South Korea,178,90,Mungyeong,M,
258,Eunhyuk,Lee Hyukjae,이혁재,은혁,4/4/1986,Super Junior,South Korea,176,58,Ilsan,M,
259,Siwon,Choi Siwon,최시원,시원,4/7/1986,Super Junior,South Korea,185,65,Seoul,M,
260,Donghae,Lee Donghae,이동해,동해,10/15/1986,Super Junior,South Korea,176,60,Mokpo,M,
261,Ryeowook,Kim Ryeowook,김려욱,려욱,6/21/1987,Super Junior,South Korea,175,58,Incheon,M,
262,Kyuhyun,Cho Kyuhyun,조규현,규현,2/3/1988,Super Junior,South Korea,180,68,Seoul,M,
263,Han Geng,Han Geng,한경,한경,2/9/1984,,China,181,66,Mudanjiang,M,
264,Kibum,Kim Kibum,김기범,기범,8/21/1987,,South Korea,179,58,Seoul,M,
265,Zhou Mi,Zhou Mi,조미,조미,4/19/1986,Super Junior-M,China,184,64,Wuhan,M,
266,Henry,Henry Lau,헨리 라우,헨리,10/11/1989,Super Junior-M,Canada,176,63,Toronto,M,
267,Onew,Lee Jinki,이진기,온유,12/14/1989,SHINee,South Korea,177,61,Gwangmyeong,M,
268,Jonghyun†,Kim Jonghyun,김종현,종현,4/8/1990,,South Korea,173,56,Seoul,M,
269,Key,Kim Kibum,김기범,키,9/23/1991,SHINee,South Korea,179,59,Daegu,M,
270,Minho,Choi Minho,최민호,민호,12/9/1991,SHINee,South Korea,181,60,Incheon,M,
271,Taemin,Lee Taemin,이태민,태민,7/18/1993,SHINee,South Korea,177,53,Seoul,M,
272,Xiumin,Kim Minseok,김민석,시우민,3/26/1990,EXO,South Korea,173,65,Guri,M,
273,Suho,Kim Junmyeon,김준면,수호,5/22/1991,EXO,South Korea,173,65,Seoul,M,
274,Lay,Zhang Yixing,장이씽,레이,10/7/1991,EXO,China,177,60,Changsa,M,
275,Baekhyun,Byun Baekhyun,변백현,백현,5/6/1992,EXO,South Korea,174,58,Wonmi,M,
276,Chen,Kim Jongdae,김종대,첸,9/21/1992,EXO,South Korea,173,64,Silheung,M,
277,Chanyeol,Park Chanyeol,박찬열,찬열,11/27/1992,EXO,South Korea,185,70,Seoul,M,
278,D.O.,Do Kyungsoo,도경수,디오,1/12/1993,EXO,South Korea,173,60,Gyeonggi,M,
279,Kai,Kim Jongin,김종인,카이,1/14/1994,EXO,South Korea,182,65,Suncheon,M,
280,Sehun,Oh Sehun,오세훈,세훈,4/12/1994,EXO,South Korea,181,63,Seoul,M,
281,Luhan,Lu Han,루한,루한,4/20/1990,,China,178,62,Haidian,M,
282,Kris,Wu Yifan,오역범,크리스,11/6/1990,,Canada,187,73,Guangzhou,M,
283,Tao,Hwang Zitao,황자도,타오,5/2/1993,,China,183,70,Qingdao,M,
284,Jinyoung,Jung Jinyoung,정진영,진영,11/18/1991,,South Korea,178,58,Chungju,M,
285,CNU,Shin Dongwoo,신동우,신우,6/16/1991,B1A4,South Korea,182,64,Seoul,M,
286,Sandeul,Lee Junghwan,이정환,산들,3/20/1992,B1A4,South Korea,178,62,Busan,M,
287,Baro,Cha Sunwoo,차선우,바로,9/5/1992,,South Korea,178,63,Gwangju,M,
288,Gongchan,Gong Chansik,공찬식,공찬,8/14/1993,B1A4,South Korea,181,60,Suncheon,M,
289,Yongguk,Bang Yongguk,방용국,용국,3/31/1990,B.A.P,South Korea,182,60,Incheon,M,
290,Himchan,Kim Himchan,김힘찬,힘찬,4/19/1990,B.A.P,South Korea,180,69,Seoul,M,
291,Daehyun,Jung Daehyun,정대현,대현,6/28/1993,B.A.P,South Korea,177,63,Busan,M,
292,Youngjae,Yoo Youngjae,유영재,영재,1/24/1994,B.A.P,South Korea,178,65,Seoul,M,
293,Jongup,Moon Jongup,문종업,종업,2/6/1995,B.A.P,South Korea,176,66,Seoul,M,
294,Zelo,Choi Junhong,최준홍,젤로,10/15/1996,B.A.P,South Korea,182,63,Mokpo,M,
295,Zico,Woo Jiho,우지호,지코,9/14/1992,Block B,South Korea,182,65,Seoul,M,
296,Taeil,Lee Taeil,이태일,태일,9/24/1990,Block B,South Korea,167,57,Seoul,M,
297,B-Bomb,Lee Minhyuk,이민혁,비범,12/14/1990,Block B,South Korea,178,60,Seoul,M,
298,Jaehyo,Ahn Jaehyo,안재효,재효,12/23/1990,Block B,South Korea,182,60,Busan,M,
299,U-Kwon,Kim Yukwon,김유권,유권,4/9/1992,Block B,South Korea,176,63,Suwon,M,
300,Park Kyung,Park Kyung,박경,박경,7/8/1992,Block B,South Korea,176,56,Seoul,M,
301,P.O,Pyo Jihoon,표지훈,피오,2/2/1993,Block B,South Korea,181,64,Seoul,M,
302,Doojoon,Yoon Doojoon,윤두준,두준,7/4/1989,Highlight,South Korea,177,66,Goyang,M,
303,Junhyung,Yong Junyung,용준형,준형,12/19/1989,Highlight,South Korea,178,64,Seoul,M,
304,Yoseob,Yang Yoseob,양요섭,요섭,1/5/1990,Highlight,South Korea,171,56,Seoul,M,
305,Gikwang,Lee Gikwang,이기광,기광,3/30/1990,Highlight,South Korea,171,58,Gwangju,M,
306,Dongwoon,Son Dongwoon,손동운,동운,6/6/1991,Highlight,South Korea,181,64,Busan,M,
307,Hyunseung,Jang Hyunseung,장현승,현승,9/3/1989,,South Korea,177,58,Suncheon,M,
308,Jin,Kim Seokjin,김석진,진,12/4/1992,BTS,South Korea,179,63,Gwacheon,M,
309,Suga,Min Yoongi,민윤기,슈가,3/9/1993,BTS,South Korea,176,59,Daegu,M,
310,J-Hope,Jung Hoseok,정호석,제이홉,2/18/1994,BTS,South Korea,177,65,Gwangju,M,
311,RM,Kim Namjoon,김남준,알엠,9/12/1994,BTS,South Korea,181,67,Ilsan,M,
312,Jimin,Park Jimin,박지민,지민,10/13/1995,BTS,South Korea,175,61,Busan,M,
313,V,Kim Taehyung,김태형,뷔,12/30/1995,BTS,South Korea,179,62,Daegu,M,
314,Jungkook,Jeon Jungkook,전정국,정국,9/1/1997,BTS,South Korea,178,66,Busan,M,
315,Sungkyu,Kim Sungkyu,김성규,성규,4/28/1989,Infinite,South Korea,178,62,Jeonju,M,
316,Dongwoo,Jang Dongwoo,장동우,동우,11/22/1990,Infinite,South Korea,171,58,Guri,M,
317,Woohyun,Nam Woohyun,남우현,우현,2/8/1991,Infinite,South Korea,176,52,Seoul,M,
318,Hoya,Lee Howon,이호원,호야,3/28/1991,,South Korea,178,60,Busan,M,
319,Sungyeol,Lee Sungyeol,이성열,성열,8/27/1991,Infinite,South Korea,183,59,Yongin,M,
320,L,Kim Myungsoo,김명수,엘,3/13/1992,Infinite,South Korea,180,60,Seoul,M,
321,Sungjong,Lee Sungjong,이성종,성종,9/3/1993,Infinite,South Korea,177,54,Gwangju,M,
322,N,Cha Hakyeon,차학연,엔,6/30/1990,VIXX,South Korea,180,65,Changwon,M,
323,Leo,Jung Taekwon,정택운,레오,11/10/1990,VIXX,South Korea,183,63,Seoul,M,
324,Ken,Lee Jaehwan,이재환,켄,4/6/1992,VIXX,South Korea,180,65,Seoul,M,
325,Ravi,Kim Wonsik,김원식,라비,2/15/1993,VIXX,South Korea,183,65,Seoul,M,
326,Hongbin,Lee Hongbin,이홍빈,홍빈,9/29/1993,VIXX,South Korea,181,62,Seoul,M,
327,Hyuk,Han Sanghyuk,한상혁,혁,7/5/1995,VIXX,South Korea,181,62,Daejeon,M,
328,Jun. K,Kim Minjun,김민준,준케이,1/15/1988,2:00 PM,South Korea,180,68,Daegu,M,
329,Nichkhun,Nichkhun Horvejkul,닛차쿤 허라웻차꾼,닉쿤,6/24/1988,2:00 PM,Thailand,180,64,California,M,
330,Taecyeon,Ok Taecyeon,옥택연,택연,12/27/1988,2:00 PM,South Korea,185,76,Busan,M,
331,Wooyoung,Jang Wooyoung,장우영,우영,4/30/1989,2:00 PM,South Korea,178,65,Busan,M,
332,Junho,Lee Junho,이준호,준호,1/25/1990,2:00 PM,South Korea,178,67,Ilsan,M,
333,Chansung,Hwang Chansung,황찬성,찬성,2/11/1990,2:00 PM,South Korea,184,75,Seoul,M,
334,Jeongkyun,Jeong Jeongkyun,정정균,정균,11/27/1987,,South Korea,180,60,,M,
335,Ron,Cheon Byeonghwa,천병화,론,1/22/1991,Bigflo,South Korea,183,62,,M,
336,Yoosung,Jeong Yoosung,정유성,유성,10/8/1992,,South Korea,175,52,,M,
337,Z-UK,Jeong Jaewook,정재욱,지욱,1/27/1993,,South Korea,174,62,,M,
338,HighTop,Lim Hyeontae,임현태,하이탑,3/19/1994,Bigflo,South Korea,178,60,,M,
339,Kichun,Hwang Kichun,황기천,기천,3/14/1992,,South Korea,179,63,,M,
340,Eunkwang,Seo Eunkwang,서은광,은광,11/22/1990,BtoB,South Korea,173,62,Yongin,M,
341,Minhyuk,Lee Minhyuk,이민혁,민혁,11/29/1990,BtoB,South Korea,173,61,Seoul,M,
342,Changsub,Lee Changsub,이창섭,창섭,2/26/1991,BtoB,South Korea,177,64,Suwon,M,
343,Hyunsik,Lim Hyunsik,임현식,현식,3/7/1992,BtoB,South Korea,177,66,Ilsan,M,
344,Peniel,Shin Donggeun,신동근,프니엘,3/10/1993,BtoB,South Korea,175,63,Chicago,M,
345,Ilhoon,Jung Ilhoon,정일훈,일훈,10/4/1994,BtoB,South Korea,176,64,Seoul,M,
346,Sungjae,Yook Sungjae,육성재,성재,5/2/1995,BtoB,South Korea,180,68,Yongin,M,
347,S.Coups,Choi Seungcheol,최승철,에스.쿱스,8/8/1995,Seventeen,South Korea,177,63,Daegu,M,
348,Wonwoo,Jeon Wonwoo,전원우,원우,7/17/1996,Seventeen,South Korea,180,57,Changwon,M,
349,Mingyu,Kim Mingyu,김민규,민규,4/6/1997,Seventeen,South Korea,185,65,Anyang,M,
350,Vernon,Choi Hansol,최한솔,버논,2/18/1998,Seventeen,USA,176,56,New York,M,
351,Woozi,Lee Jihoon,이지훈,우지,11/22/1996,Seventeen,South Korea,165,54,Busan,M,
352,Jeonghan,Yoon Jeonghan,윤정한,정한,10/4/1995,Seventeen,South Korea,175,54,Seoul,M,
353,Joshua,Hong Jisoo,홍지수,조슈아,12/30/1995,Seventeen,USA,176,63,Los Angeles,M,
354,DK,Lee Seongmin,이석민,도겸,2/18/1997,Seventeen,South Korea,178,68,Yongin,M,
355,Seungkwan,Boo Seungkwan,부승관,승관,1/16/1998,Seventeen,South Korea,172,58,Jeju,M,
356,Hoshi,Kwon Soonyoung,권순영,호시,6/15/1996,Seventeen,South Korea,178,63,Namyangju,M,
357,Jun,Weng Junhui,원쥔훼이,준,6/10/1996,Seventeen,China,180,63,Shenzen,M,
358,The8,Xu Minghao,쉬밍하오,디에잇,11/7/1997,Seventeen,China,175,53,Anshan,M,
359,Dino,Lee Chan,이찬,디노,2/11/1999,Seventeen,South Korea,167,54,Iksan,M,
360,Kyungil,Song Kyungil,송경일,경일,11/28/1987,HISTORY,South Korea,183,72,,M,
361,Dokyun,Na Dokyun,나도균,도균,2/11/1991,HISTORY,South Korea,184,65,Daejeon,M,
362,Sihyoung,Kim Sihyoung,김시형,시형,5/15/1992,HISTORY,South Korea,182,63,Busan,M,
363,Jaeho,Kim Jaeho,김재호,재호,9/17/1992,HISTORY,South Korea,174,58,,M,
364,Yijeong,Jang Yijeong,장이정,이정,9/10/1993,HISTORY,South Korea,173,58,Jinju,M,
365,Donghyun,Kim Donghyun,김동현,동현,2/12/1989,Boyfriend,South Korea,178,60,Seoul,M,
366,Hyunseong,Shim Hyunseong,심현성,현성,6/9/1993,Boyfriend,South Korea,178,58,Yeongcheon,M,
367,Jeongmin,Lee Jeongmin,이정민,정민,2/1/1994,Boyfriend,South Korea,173,60,Suwon,M,
368,Youngmin,Jo Youngmin,조영민,영민,4/24/1995,Boyfriend,South Korea,180,0,Anyang,M,
369,Kwangmin,Jo Kwangmin,조광민,광민,4/24/1995,Boyfriend,South Korea,180,0,Anyang,M,
370,Minwoo,No Minwoo,노민우,민우,7/31/1995,Boyfriend,South Korea,174,60,Anyang,M,
371,Seyoung,Lee Seyoung,이세영,세영,2/8/1990,CROSS GENE,South Korea,180,60,Busan,M,
372,Casper,Chu Xiaoxiang,저효상,캐스퍼,3/20/1991,CROSS GENE,China,176,66,Shanghai,M,
373,Shin,Shin Wonho,신원호,신,10/23/1991,CROSS GENE,South Korea,185,66,Seoul,M,
374,Takuya,Terada Takuya,테라다 타쿠야,타쿠야,3/18/1992,CROSS GENE,Japan,187,68,Moriya,M,
375,Sangmin,Kim Sangmin,김상민,상민,7/7/1992,CROSS GENE,South Korea,178,67,Jinju,M,
376,Yongseok,Kim Yongseok,김용석,용석,1/8/1993,CROSS GENE,South Korea,176,64,Seoul,M,
377,J.seph,Kim Taehyung,김태형,제이셉,6/21/1992,KARD,South Korea,0,0,,M,
378,BM,Matthew Kim,매튜김,비엠,10/20/1992,KARD,South Korea,0,0,,M,
387,Jinho,Jo Jinho,조진호,조진호,4/17/1992,PENTAGON,South Korea,0,0,,M,
388,Hui,Lee Hwitaek,이회택,후이,8/28/1993,PENTAGON,South Korea,0,0,,M,
389,Hongseok,Yang Hongseok,양홍석,홍석,4/17/1994,PENTAGON,South Korea,0,0,,M,
390,E'Dawn,Kim Hyojong,김효종,이던,6/1/1994,,South Korea,0,0,,M,
391,Shinwon,Go Shinwon,고신원,신원,12/11/1995,PENTAGON,South Korea,0,0,,M,
392,Yeo One,Yeon Changgu,여창구,여원,3/27/1996,PENTAGON,South Korea,0,0,,M,
393,Yan An,Yan An,옌안,옌안,10/25/1996,PENTAGON,China,0,0,Shanghai,M,
394,Yuto,Adachi Yuto,아다치 유토,유토,1/23/1998,PENTAGON,Japan,0,0,,M,
395,Kino,Kang Hyungku,강형구,키노,1/27/1998,PENTAGON,South Korea,0,0,,M,
396,Wooseok,Jeong Wooseok,정우석,우석,1/31/1998,PENTAGON,South Korea,0,0,,M,
444,Taeil,Moon Taeil,문태일,태일,6/14/1994,NCT,South Korea,171,60,Seoul,M,
445,Taeyong,Lee Taeyong,이태용,태용,7/1/1995,NCT,South Korea,0,0,,M,
446,Doyoung,Kim Dongyoung,김동영,도영,2/1/1996,NCT,South Korea,0,0,Guri,M,
447,Ten,Chittaphon Leechaiyapornkul,칫따폰 리차이야뽄꾼,텐,2/27/1996,NCT,Thailand,0,0,Bangkok,M,
448,Jaehyun,Jung Yoonoh,정윤오,재현,2/14/1997,NCT,South Korea,0,0,Seoul,M,
449,Mark,Mark Lee,마크 리,마크,8/2/1999,NCT,Canada,0,0,Vancouver,M,
450,Johnny,John Seo,존 서,쟈니,2/9/1995,NCT,USA,0,0,Chicago,M,
451,Yuta,Nakamoto Yuta,나카모토 유타,유타,10/26/1995,NCT,Japan,0,0,Osaka,M,
452,Winwin,Dong Sicheng,뚱쓰청,윈윈,10/28/1997,NCT,China,0,0,Zhejiang,M,
453,Haechan,Lee Donghyuk,이동혁,해찬,6/6/2000,NCT,South Korea,0,0,,M,
454,Renjun,Hwang Renjun,황런쥔,런쥔,3/23/2000,NCT,China,0,0,Jilin,M,
455,Jeno,Lee Jeno,이제노,제노,4/23/2000,NCT,South Korea,0,0,,M,
456,Jaemin,Na Jaemin,나재민,재민,8/13/2000,NCT,South Korea,0,0,,M,
457,Chenle,Zhong Chenle,중천러,천러,11/22/2001,NCT,China,0,0,Shanghai,M,
458,Jisung,Park Jisung,박지성,지성,2/5/2002,NCT,South Korea,0,0,,M,
459,Soohyun,Shin Soohyun,신수현,수현,3/11/1989,U-KISS,South Korea,0,0,Pocheon,M,
460,Kiseop,Lee Kiseop,이기섭,기섭,1/17/1991,U-KISS,South Korea,0,0,Seongnam,M,
461,Eli,Ellison Kim,엘리슨 킴,일라이,3/13/1991,U-KISS,USA,0,0,Los Angeles,M,
462,Hoon,Yeo Hoonmin,여훈민,훈,8/16/1991,U-KISS,South Korea,0,0,Namyangju,M,
463,Kevin,Christopher Woo,크리스토퍼 우,케빈,11/25/1991,U-KISS,USA,0,0,Los Angeles,M,
464,Jun,Lee Junyoung,이준영,준,1/22/1997,U-KISS,South Korea,0,0,,M,
465,Seungho,Yang Seungho,양승호,승호,10/16/1987,MBLAQ,South Korea,0,0,Seoul,M,
466,G.O,Jung Byunghee,정병희,지오,11/6/1987,MBLAQ,South Korea,0,0,Changwon,M,
467,Mir,Bang Cheolyong,방철용,미르,3/10/1991,MBLAQ,South Korea,0,0,Bukhamyeon,M,
468,Lee Joon,Lee Changseon,이창선,이준,2/7/1988,,South Korea,0,0,Seoul,M,
469,Thunder,Park Sanghyun,박상현,천둥,10/7/1990,,South Korea,0,0,Busan,M,
470,C.A.P,Bang Minsoo,방민수,캡,11/4/1992,Teen Top,South Korea,0,0,Seongnam,M,
471,Chunji,Lee Chanhee,이찬희,천지,10/5/1993,Teen Top,South Korea,0,0,Seongnam,M,
472,L.Joe,Lee Byunghun,이병헌,엘조,11/23/1993,,South Korea,0,0,Gunsan,M,
473,Niel,Ahn Daniel,안다니엘,니엘,8/16/1994,Teen Top,South Korea,0,0,Anyang,M,
474,Ricky,Yoo Changhyun,유창현,리키,2/27/1995,Teen Top,South Korea,0,0,Seoul,M,
475,Changjo,Choi Jonghyun,최종현,창조,11/16/1995,Teen Top,South Korea,0,0,Chuncheon,M,
476,MJ,Kim Myungjun,김명준,엠제이,3/5/1994,ASTRO,South Korea,0,0,Nowon,M,
477,Jin Jin,Park Jinwoo,박진우,진진,3/15/1996,ASTRO,South Korea,0,0,Nowon,M,
478,Eunwoo,Cha Eunwoo,차은우,은우,3/30/1997,ASTRO,South Korea,0,0,Gunpo,M,
479,Moon Bin,Moon Bin,문빈,문빈,1/26/1998,ASTRO,South Korea,0,0,Cheongju,M,
480,Rocky,Park Minhyuk,박민혁,라키,2/25/1999,ASTRO,South Korea,0,0,Jinju,M,
481,Sanha,Yoon Sanha,윤산하,산하,3/21/2000,ASTRO,South Korea,0,0,Seoul,M,
482,Kevin,Kevin Jiyeop Kim,케빈 지엽 킴,케빈,2/23/1988,ZE:A,South Korea,0,0,Sydney,M,
483,Kwanghee,Hwang Kwanghee,황광희,광희,8/25/1988,ZE:A,South Korea,0,0,Paju,M,
484,Siwan,Yim Siwan,임시완,시완,12/1/1988,ZE:A,South Korea,0,0,Busan,M,
485,Lee Hoo,Moon Junyoung,문준영,,2/9/1989,ZE:A,South Korea,0,0,Seoul,M,
486,Taeheon,Kim Taeheon,김태헌,태헌,6/18/1989,ZE:A,South Korea,0,0,Gwangju,M,
487,Heechul,Jung Heechul,정희철,희철,12/9/1989,ZE:A,South Korea,0,0,Jeju,M,
488,Minwoo,Ha Minwoo,하민우,민우,9/6/1990,ZE:A,South Korea,0,0,Yangsan,M,
489,Hyungsik,Park Hyungsik,박형식,형식,11/16/1991,ZE:A,South Korea,0,0,Yongin,M,
490,Dongjun,Kim Dongjun,김동준,동준,2/11/1992,ZE:A,South Korea,0,0,Busan,M,
491,Shownu,Son Hyunwoo,손현우,셔누,6/18/1992,MONSTA X,South Korea,0,0,,M,
492,Wonho,Shin Hoseok,신호석,원호,3/1/1993,,South Korea,0,0,Anyang,M,
493,Minhyuk,Lee Minhyuk,이민혁,민혁,11/3/1993,MONSTA X,South Korea,0,0,,M,
494,Kihyun,Yoo Kihyun,유기현,기현,11/22/1993,MONSTA X,South Korea,0,0,Goyang,M,
495,Hyungwon,Chae Hyungwon,채형원,형원,1/15/1994,MONSTA X,South Korea,0,0,Gwangju,M,
496,Jooheon,Lee Jooheon,이주헌,주헌,10/6/1994,MONSTA X,South Korea,0,0,Daegu,M,
497,I.M,Lim Changkyun,임창균,아이엠,1/26/1996,MONSTA X,South Korea,0,0,Gwangju,M,
498,Rain,Jung Jihoon,정지훈,비,6/25/1982,,South Korea,0,0,Seosan,M,
499,PSY,Park Jaesang,박재상,싸이,12/31/1977,,South Korea,0,0,Seoul,M,
500,Gunwoo,Lee Gunwoo,이건우,건우,1/30/1989,MYNAME,South Korea,0,0,Daejeon,M,
501,Insoo,Kang Insoo,강인수,인수,3/10/1988,MYNAME,South Korea,0,0,Suwon,M,
502,Seyong,Kim Seyong,김세용,세용,11/20/1991,MYNAME,South Korea,0,0,Busan,M,
503,JunQ,Kang Junkyu,강준규,준규,8/9/1993,MYNAME,South Korea,0,0,Uljeongbu,M,
504,Chaejin,Chae Jinseok,채진석,채진,12/26/1995,MYNAME,South Korea,0,0,Seoul,M,
510,Jinu,Kim Jinwoo,김진우,진우,9/26/1991,WINNER,South Korea,0,0,Imja,M,
511,Hoony,Lee Seunghoon,이승훈,승훈,1/11/1992,WINNER,South Korea,0,0,Busan,M,
512,Yoon,Kang Seungyoon,강승윤,승윤,1/21/1994,WINNER,South Korea,0,0,Busan,M,
513,Mino,Song Minho,송민호,민호,3/30/1993,WINNER,South Korea,0,0,Yongin,M,
514,Taehyun,Nam Taehyun,남태현,태현,5/10/1994,,South Korea,0,0,Hanam,M,
515,B.I,Kim Hanbin,김한빈,비아이,10/22/1996,,South Korea,0,0,Goyang,M,
516,Jay,Kim Jinhwan,김진환,제이,2/7/1994,iKON,South Korea,0,0,Jeju,M,
517,Song,Song Yunhyeong,송윤형,송,2/8/1995,iKON,South Korea,0,0,,M,
518,Bobby,Kim Jiwon,김지원,바비,12/21/1995,iKON,South Korea,0,0,Seoul,M,
519,DK,Kim Donghyuk,김동혁,디케이,1/3/1997,iKON,South Korea,0,0,,M,
520,Ju-ne,Koo Junhoe,구준회,준회,3/31/1997,iKON,South Korea,0,0,Seoul,M,
521,Chan,Jung Chanwoo,정찬우,찬,1/26/1998,iKON,South Korea,0,0,Yongin,M,
523,Jae,Park Jaehyung,박제형,제이,9/15/1992,DAY6,South Korea,0,0,Buenos Aires,M,
524,Sungjin,Park Sungjin,박성진,성진,1/16/1993,DAY6,South Korea,0,0,,M,
525,Young K,Kang Young-hyun,강영현,영케이,12/19/1993,DAY6,South Korea,0,0,,M,
526,Wonpil,Kim Wonpil,김원필,원필,4/28/1994,DAY6,South Korea,0,0,,M,
527,Dowoon,Yoon Dowoon,윤도운,도운,8/25/1995,DAY6,South Korea,0,0,,M,
528,Junhyeok,Kim Junhyeok,임준혁,준혁,7/17/1993,,South Korea,0,0,,M,
529,Yonghwa,Jung Yonghwa,정용화,용화,6/22/1989,CNBLUE,South Korea,0,0,Seoul,M,
530,Jonghyun,Lee Jonghyun,이종현,종현,5/15/1990,CNBLUE,South Korea,0,0,Busan,M,
531,Minhyuk,Kang Minhyuk,강민혁,민혁,6/28/1991,CNBLUE,South Korea,0,0,Ilsan,M,
532,Jungshin,Lee Jungshin,이정신,정신,9/15/1991,CNBLUE,South Korea,0,0,,M,
533,Jonghoon,Choi Jonghoon,최종훈,종훈,3/7/1990,FTISLAND,South Korea,0,0,Seoul,M,
534,Honggi,Lee Honggi,이홍기,홍기,3/2/1990,FTISLAND,South Korea,0,0,Gwangju,M,
535,Jaejin,Lee Jaejin,이재진,재진,12/17/1991,FTISLAND,South Korea,0,0,Cheongju,M,
536,Seunghyun,Song Seungyun,송승현,승현,8/21/1992,FTISLAND,South Korea,0,0,Seoul,M,
537,Minhwan,Choi Minhwan,최민환,민환,11/11/1992,FTISLAND,South Korea,0,0,Seoul,M,
538,Kwangjin,Kwon Kwangjin,권광진,광진,8/12/1992,N.Flying,South Korea,0,0,Seoul,M,
539,Seunghyub,Lee Seunghyub,이승협,승협,10/31/1992,N.Flying,South Korea,0,0,Daegu,M,
540,Cha Hoon,Cha Hoon,차훈,차훈,7/12/1994,N.Flying,South Korea,0,0,Seoul,M,
541,Jaehyun,Kim Jaehyun,김재현,재현,7/15/1994,N.Flying,South Korea,0,0,Seoul,M,
542,Inseong,Kim Inseong,김인성,인성,7/12/1993,SF9,South Korea,0,0,,M,
543,Youngbin,Kim Youngbin,김영빈,영빈,11/23/1993,SF9,South Korea,0,0,,M,
544,Jaeyoon,Lee Jaeyoon,이재윤,재윤,8/9/1994,SF9,South Korea,0,0,,M,
545,Dawon,Lee Sanghyuk,이상혁,다원,7/24/1995,SF9,South Korea,0,0,,M,
546,Zuho,Bae Juho,백주호,주호,7/4/1996,SF9,South Korea,0,0,,M,
547,Rowoon,Kim Seokwoo,김석우,로운,8/7/1996,SF9,South Korea,0,0,,M,
548,Taeyang,Yoo Taeyang,유태양,태양,2/28/1997,SF9,South Korea,0,0,,M,
549,Hwiyoung,Kim Youngkyun,김영균,휘영,5/11/1999,SF9,South Korea,0,0,,M,
550,Chani,Kang Chanhee,강찬희,찬희,1/17/2000,SF9,South Korea,0,0,,M,
579,J-Hoon,Lim Junghoon,임정훈,제이훈,7/15/1990,B.I.G,South Korea,172,62,Seoul,M,
580,Benji,Baek Jaewook,배제욱,벤지,5/3/1992,B.I.G,USA,183,72,Indianapolis,M,
581,Gunmin,Lee Gunmin,이건민,건민,10/3/1994,B.I.G,South Korea,177,64,Gangwon,M,
582,Minpyo,Gook Minpyo,국민표,민표,11/15/1994,B.I.G,South Korea,173,57,Gwangju,M,
583,Heedo,Yoon Heedo,유희도,희도,4/22/1996,B.I.G,South Korea,180,60,Seoul,M,
610,Minwoo†,Seo Minwoo,서민우,민우,2/8/1985,100%,South Korea,0,0,Daegu,M,
611,Rokhyun,Kim Rokhyun,김록현,록현,2/10/1991,100%,South Korea,0,0,Suncheon,M,
612,Jonghwan,Jo Jonghwan,조종환,종환,11/23/1992,100%,South Korea,0,0,Seoul,M,
613,Chanyong,Kim Chanyong,김찬용,찬용,4/29/1993,100%,South Korea,0,0,Suwon,M,
614,Hyukjin,Jang Hyukjin,장혁진,혁진,12/20/1993,100%,South Korea,0,0,Busan,M,
615,Sanghoon,Lee Sanghoon,이상훈,상훈,12/23/1993,,South Korea,0,0,Cheongju,M,
616,Changbum,Woo Changbum,우창범,창범,10/7/1993,,South Korea,0,0,Sokcho,M,
617,Cory,Hong Joohyung,홍주현,코리,11/25/1990,24K,South Korea,175,58,Daegu,M,
618,Sungoh,Yoo Sungoh,유성오,성오,1/8/1991,,South Korea,0,0,,M,
619,Kisu,Choi Kisu,최기수,기수,10/2/1990,24K,South Korea,179,60,Seoul,M,
620,Daeil,Kim Daeil,김대일,대일,5/10/1992,,South Korea,0,0,Busan,M,
621,Jeonguk,Kim Jeonguk,김정욱,정욱,3/20/1993,24K,South Korea,178,58,Busan,M,
622,Hui,Liang Hui,양휘,양휘,7/18/1995,24K,China,178,58,,M,
623,Changsun,Lee Changsun,이창선,창선,3/17/1996,24K,South Korea,179,58,,M,
624,Jinhong,Kim Jinhong,김진홍,진홍,1/2/1998,24K,South Korea,180,53,Seoul,M,
625,Hongseob,Shim Hongseob,심홍섭,홍섭,1/8/1998,24K,South Korea,177,58,,M,
626,Onejunn,Jo Wonjun,조원준,원준,11/22/1988,Boys Republic,South Korea,179,61,Changwon,M,
627,Sunwoo,Choi Sunwoo,최선우,선우,3/12/1992,Boys Republic,South Korea,183,65,Seoul,M,
628,Sungjun,Park Sungjun,박성준,성준,12/17/1992,Boys Republic,South Korea,175,55,Ansan,M,
629,Minsu,Park Minsu,김민수,민수,4/15/1993,Boys Republic,South Korea,172,55,Gwangju,M,
630,Suwoong,Lee Suwoong,이수웅,수웅,1/20/1995,Boys Republic,South Korea,174,56,,M,
631,JB,Im Jaebum,임재범,제이비,1/6/1994,GOT7,South Korea,179,63,Goyang,M,
632,Mark,Mark Yien Tuan,마크 이엔 투안,마크,9/4/1993,GOT7,USA,175,59,Los Angeles,M,
633,Jackson,Jackson Wang,잭슨 왕,잭슨,3/28/1994,GOT7,Hong Kong,174,63,Hong Kong,M,
634,Jinyoung,Park Jinyoung,박진영,진영,9/22/1994,GOT7,South Korea,178,63,Changwon,M,
635,Youngjae,Choi Youngjae,최영재,영재,9/17/1996,GOT7,South Korea,175,59,Mokpo,M,
636,BamBam,Kunpimook Bhuwakul,꾼삐묵 부와꾼,뱀뱀,5/2/1997,GOT7,Thailand,170,52,Bangkok,M,
637,Yugyeom,Kim Yugyeom,김유겸,유겸,11/17/1997,GOT7,South Korea,180,64,Namyangju,M,
638,Aron,Kwak Youngmin,곽영민,아론,5/21/1993,NU'EST,South Korea,0,0,California,M,
639,JR,Kim Jonghyun,김종현,제이알,6/8/1995,NU'EST,South Korea,0,0,Gangwon,M,
640,Baekho,Kang Dongho,강동호,백호,7/21/1995,NU'EST,South Korea,0,0,Jeju,M,
641,Minhyun,Hwang Minhyun,황민현,민현,8/9/1995,NU'EST,South Korea,0,0,Busan,M,
642,Ren,Choi Minki,최민기,렌,11/3/1995,NU'EST,South Korea,0,0,Busan,M,
643,Junhyuk,Choi Junhyuk,최준혁,준혁,4/21/1992,HOTSHOT,South Korea,0,0,Ulsan,M,
644,Timoteo,Kim Moongyu,김문규,티모테오,1/25/1993,HOTSHOT,South Korea,0,0,,M,
645,Taehyun,Noh Taehyun,노태현,태현,10/15/1993,HOTSHOT,South Korea,0,0,Seoul,M,
646,Sungwoon,Ha Sungwoon,하성운,성운,3/22/1994,Wanna One,South Korea,0,0,Goyang,M,
647,Yoonsan,Yoon Sanghyuk,윤상혁,윤산,8/22/1994,HOTSHOT,South Korea,0,0,,M,
648,Hojung,Go Hojung,고호정,호정,10/20/1994,HOTSHOT,South Korea,0,0,,M,
649,Jisung,Yoon Jisung,윤지성,지성,3/8/1991,Wanna One,South Korea,0,0,Wonju,M,
650,Seongwu,Ong Seunwu,옹성우,성우,8/25/1995,Wanna One,South Korea,0,0,Incheon,M,
651,Jaehwan,Kim Jaehwan,김재환,재환,5/27/1996,Wanna One,South Korea,0,0,Seoul,M,
652,Daniel,Kang Daniel,강다니엘,다니엘,12/10/1996,Wanna One,South Korea,0,0,Busan,M,
653,Jihoon,Park Jihoon,박지훈,지훈,5/29/1999,Wanna One,South Korea,0,0,Masan,M,
654,Woojin,Park Woojin,박우진,우진,11/2/1999,AB6IX,South Korea,0,0,Busan,M,
655,Jinyoung,Bae Jinyoung,배진영,진영,5/10/2000,CIX,South Korea,0,0,Seoul,M,
656,Daehwi,Lee Daehwi,이대휘,대휘,1/29/2001,AB6IX,South Korea,0,0,Seoul,M,
657,Lai Kuanlin,Lai Kuanlin,라이관린,라이관린,9/23/2001,Wanna One,Taiwan,0,0,New Taipei,M,
662,Hyojin,Kim Hyojin,김효진,효진,4/22/1994,ONF,South Korea,0,0,Seoul,M,
663,E-tion,Lee Changyoon,이창윤,이션,12/24/1994,ONF,South Korea,0,0,Jeonju,M,
664,J-Us,Lee Seungjoon,이승준,제이어스,1/13/1995,ONF,South Korea,0,0,Seoul,M,
665,Wyatt,Shim Jaeyoung,심재영,와이엇,1/23/1995,ONF,South Korea,0,0,Seoul,M,
666,MK,Park Minkyun,박민균,엠케이,11/16/1995,ONF,South Korea,0,0,Ilsan,M,
667,U,Mizuguchi Yuto,미즈구치 유토,유,3/16/1999,ONF,Japan,0,0,Osaka,M,
668,Laun,Kim Minseok,김민석,라운,8/12/1999,,South Korea,0,0,Seongsan,M,
669,Donghun,Lee Donghun,이동훈,동훈,5/15/1993,A.C.E,South Korea,0,0,Suncheon,M,
670,Wow,Kim Seyoon,김세윤,와우,2/28/1993,A.C.E,South Korea,0,0,Gyeonggi,M,
671,Jun,Park Junhee,박준희,준,6/2/1994,A.C.E,South Korea,0,0,Jeolla,M,
672,Jason,Kim Byeongkwan,김병관,제이슨,8/13/1996,A.C.E,South Korea,0,0,Seoul,M,
673,Chan,Kang Yoochan,강유찬,찬,12/31/1997,A.C.E,South Korea,0,0,Jeju,M,
680,Hweseung,Yoo Hweseung,유회승,회승,2/28/1995,N.Flying,South Korea,0,0,,M,
704,Daeyeol,Lee Daeyeol,이대열,대열,2/11/1993,Golden Child,South Korea,0,0,Yongin,M,
705,Y,Choi Sungyoon,최성윤,와이,7/31/1995,Golden Child,South Korea,0,0,,M,
706,Jaeseok,Park Jaeseok,박재석,재석,11/20/1995,,South Korea,0,0,,M,
707,Jangjun,Lee Jangjun,이장준,장준,3/3/1997,Golden Child,South Korea,0,0,,M,
708,TAG,Son Youngtaek,손영택,태그,4/13/1998,Golden Child,South Korea,0,0,,M,
709,Seungmin,Bae Seungmin,배승민,승민,10/13/1998,Golden Child,South Korea,0,0,,M,
710,Jaehyun,Bong Jaehyun,봉재현,재현,1/4/1999,Golden Child,South Korea,0,0,,M,
711,Jibeom,Kim Jibeom,김지범,지범,2/3/1999,Golden Child,South Korea,0,0,,M,
712,Donghyun,Kim Donghyun,김동현,동현,2/23/1999,Golden Child,South Korea,0,0,,M,
713,Joochan,Hong Joochan,홍주찬,주찬,7/31/1999,Golden Child,South Korea,0,0,,M,
714,Bomin,Choi Bomin,최보민,보민,8/24/2000,Golden Child,South Korea,0,0,,M,
715,Jinhoo,Kim Jinwook,김진욱,진후,8/2/1995,UP10TION,South Korea,0,0,Changwon,M,
716,Kuhn,Noh Sooil,노수일,쿤,11/11/1995,UP10TION,South Korea,0,0,Ansan,M,
717,Kongyeol,Go Minsoo,고민수,고결,5/19/1996,UP10TION,South Korea,0,0,Bucheon,M,
718,Wei,Lee Sungjun,이성준,웨이,7/8/1996,UP10TION,South Korea,0,0,Seoul,M,
719,Bitto,Lee Changhyun,이창현,비토,8/24/1996,UP10TION,South Korea,0,0,Dongducheon,M,
720,Wooshin,Kim Wooseok,김우석,우신,10/27/1996,UP10TION,South Korea,0,0,Daejeon,M,
721,Sunyoul,Seon Yein,선예인,선율,11/6/1996,UP10TION,South Korea,0,0,Wando,M,
722,Gyujin,Han Gyujin,한규진,규진,11/21/1997,UP10TION,South Korea,0,0,Icheon,M,
723,Hwanhee,Lee Hwanhee,이환희,환희,5/6/1998,UP10TION,South Korea,0,0,Daejeon,M,
724,Xiao,Lee Dongyeol,이동열,샤오,12/13/1998,UP10TION,South Korea,0,0,Busan,M,
737,Kid,Kim Junhoe,김준회,키드,10/26/1995,VARSITY,South Korea,177,58,,M,
738,Bullet,Jin Junwoo,진준우,블릿,12/2/1995,VARSITY,South Korea,182,65,Seoul,M,
739,Damon,Hu Boohan,후보한,데이먼,7/2/1996,VARSITY,China,181,0,,M,
740,Xiweol,Kang Minseok,강민석,시월,10/21/1996,VARSITY,South Korea,174,0,,M,
741,Xin,Wang Xinwi,왕씬위,씬,11/10/1996,VARSITY,China,185,0,,M,
742,Jaebin,Deung Bin,등빈,재빈,2/13/1997,VARSITY,China,168,0,Hunan,M,
743,Dann,Jung Seungbo,정승보,단,11/1/1997,Kingdom,South Korea,178,0,Ilsan,M,
744,Riho,Jin Seungwook,진승욱,리호,3/1/1998,VARSITY,South Korea,178,59,Incheon,M,
745,Anthony,Anthony Lo,엔써니 루오,엔써니,3/12/1998,VARSITY,China,179,0,,M,
746,Arthur,Jang Yunho,장윤호,아서,4/15/2000,Kingdom,South Korea,176,57,,M,
747,Dawon,Cho Dawon,조다원,다원,5/12/2000,VARSITY,South Korea,183,69,,M,
748,Manny,Syo Dongchun,쇼동청,만니,11/17/2001,VARSITY,China,170,64,,M,
749,Kangmin,Kim Kangmin,김강민,강민,11/13/2001,TRCNG,South Korea,169,0,,M,
750,Hohyeon,Lee Hohyeon,이호현,호현,10/14/2001,TRCNG,South Korea,177,0,,M,
751,Siwoo,Yoo Siwoo,유시우,시우,5/11/2001,TRCNG,South Korea,178,0,,M,
752,Hyunwoo,Kim Hyunwoo,김현우,현우,1/21/2001,TRCNG,South Korea,173,0,,M,
753,Jisung,Kim Jisung,김지성,지성,12/21/2000,TRCNG,South Korea,171,0,,M,
754,Wooyeop,Jo Wooyeop,조우엽,우엽,9/27/2000,TRCNG,South Korea,179,0,,M,
755,Hakmin,Lee Hakmin,이학민,학민,9/20/2000,TRCNG,South Korea,171,0,,M,
756,Taeseon,Yang Taeseon,양태선,태선,9/17/2000,TRCNG,South Korea,182,0,,M,
757,Hayoung,Choi Hayoung,최하영,하영,8/22/2000,TRCNG,South Korea,181,0,,M,
758,Jihun,Kim Jihun,김지훈,지훈,1/9/2000,TRCNG,South Korea,176,0,Daegu,M,
759,Hojoon,Jeon Hojoon,전호준,호준,10/31/1992,Topp Dogg,South Korea,0,0,Gwangju,M,
760,Sangdo,Yoo Sangdo,유상도,상도,3/2/1993,Topp Dogg,South Korea,0,0,Incheon,M,
761,B-Joo,Kim Byungjoo,김병주,비주,1/8/1994,Topp Dogg,South Korea,0,0,Seoul,M,
762,Xero,Shin Jiho,신지호,제로,2/3/1994,Topp Dogg,South Korea,0,0,Gwangji,M,
763,Kim Sanggyun,Kim Sanggyun,김상균,김상균,5/23/1995,JBJ95,South Korea,0,0,Gwangju,M,
764,Yano,Seo Sangwon,서상원,야노,9/27/1995,Topp Dogg,South Korea,0,0,Seoul,M,
765,Kidoh,Jin Hyosang,진효상,키도,12/16/1992,,South Korea,0,0,Seoul,M,
766,Seogoong,Park Hyunho,박현호,서궁,5/1/1992,,South Korea,0,0,Seongnam,M,
767,Gohn,Kim Dongsung,김동성,곤,8/1/1992,,South Korea,0,0,Seoul,M,
768,Jenissi,Kim Taeyang,김태양,제니씨,8/2/1991,,South Korea,0,0,Seoul,M,
769,P-Goon,Park Sehyuk,박세혁,피군,10/18/1991,,South Korea,0,0,Seoul,M,
770,Nakta,Shin Yooncheol,신윤철,낙타,4/24/1993,,South Korea,0,0,Daegu,M,
771,Hansol,Kim Hansol,김한솔,한솔,6/15/1993,,South Korea,0,0,Busan,M,
772,Kenta,Takada Kenta,타카다 켄타,켄타,1/10/1995,JBJ,Japan,0,0,Fujioka,M,
773,Longguo,Jin Longguo,진룽궈,룽궈,3/2/1996,JBJ,China,0,0,Heilong,M,
774,Hyunbin,Kwon Hyunbin,권현빈,현빈,3/4/1997,JBJ,South Korea,0,0,Seoul,M,
775,Donghan,Kim Donghan,김동한,동한,7/3/1998,WEi,South Korea,0,0,Daegu,M,
776,Seonglee,Kim Seonglee,김성리,성리,4/6/1994,,South Korea,173,0,,M,seong_leeee
777,Wontak,Ju Wontak,주원탁,원탁,2/24/1996,,South Korea,178,0,,M,/j_wontagii/
778,Kiwon,Lee Kiwon,이기원,기원,6/27/1996,GIDONGDAE,South Korea,170,0,,M,kiwon_1810
779,Daehyeon,Jang Daehyeon,장대현,대현,2/11/1997,WEi,South Korea,175,0,,M,daehyeon0211
780,Eunki,Hong Eunki,홍은기,은기,9/29/1997,,South Korea,182,0,,M,eun_doitz
781,Hyunmin,Byun Hyunmin,변현민,현민,4/17/1999,,South Korea,170,0,,M,bhm__99
782,Sunghyuk,Seo Sunghyuk,서성혁,성혁,8/26/1999,,South Korea,170,0,,M,sunghyuk_seo
799,Youngmin,Lim Youngmin,임영민,영민,12/25/1995,,South Korea,0,0,Busan,M,
800,Donghyun,Kim Donghyun,김동현,동현,9/17/1998,AB6IX,South Korea,0,0,Daejeon,M,
812,Suhyun,Choi Hyunggeun,최형근,수현,10/1/1992,SNUPER,South Korea,0,0,Bucheon,M,
813,Sangil,Shim Sangil,심상일,상일,5/1/1993,SNUPER,South Korea,0,0,Seoul,M,
814,Taewoong,Yoo Taewoong,유태웅,태웅,5/24/1994,SNUPER,South Korea,0,0,,M,
815,Woosung,Choi Sunghyuk,최성혁,우성,9/24/1994,SNUPER,South Korea,0,0,Seoul,M,
816,Sangho,Jo Sangho,조상호,상호,2/10/1995,SNUPER,South Korea,0,0,Changwon,M,
817,Sebin,Jang Sebin,장세빈,세빈,4/24/1996,SNUPER,South Korea,0,0,Pocheon,M,
823,Seokcheol,Lee Seokchul,이석철,석철,1/11/2000,TheEastLight,South Korea,0,170,,M,d.dj_dinosaur.lee.s.c
824,Eunsung,Lee Eunsung,이은성,은성,9/7/2000,TheEastLight,South Korea,0,0,,M,
825,Seunghyun,Lee Seunghyun,이승현,승현,12/31/2001,TheEastLight,South Korea,0,0,,M,
826,Junwook,Kim Junwook,김준욱,준욱,1/10/2002,TheEastLight,South Korea,0,0,,M,
827,Sakang,Jeon Sakang,정사강,사강,10/26/2002,TheEastLight,South Korea,0,0,,M,
828,Woojin,Lee Woojin,이우진,우진,4/3/2003,TheEastLight,South Korea,0,0,,M,the_greatest_woojin
829,Bin,Kwon Soobin,김수빈,빈,10/28/1993,Hot Blood Youth,South Korea,0,0,,M,
830,Marco,Lee Hyunggeun,이형근,마르코,5/11/1994,Hot Blood Youth,South Korea,0,0,,M,
831,Taro,Choi Wonjin,최원진,타로,11/9/1994,Hot Blood Youth,South Korea,0,0,,M,
832,Kyuhyuk,Shim Kyuhyuk,심규혁,규혁,1/11/1995,Hot Blood Youth,South Korea,0,0,,M,
833,Jisan,Choi Jinsang,최지상,지산,11/3/1999,Hot Blood Youth,South Korea,0,0,,M,
834,Taeeun,Moon Taeeun,문태은,태은,2/9/2000,IM,South Korea,175,0,,M,
835,Giseok,Jun Giseok,정기석,기석,5/2/1997,IM,South Korea,180,0,,M,
836,Hangyul,Lee Hangyul,이한결,한결,12/7/1999,BAE173,South Korea,177,0,,M,
837,Gijung,Kim Gijung,김기중,기중,1/24/2001,IM,South Korea,180,0,,M,
845,Kun,Qian Kun,첸쿤,쿤,1/1/1996,NCT,China,0,0,,M,
846,Jungwoo,Kim Jungwoo,김정우,정우,2/19/1998,NCT,South Korea,0,0,,M,
847,Lucas,Wong Junghei,웡육헤이,루카스,1/25/1999,NCT,Hong Kong,0,0,,M,
848,Sangyeon,Lee Sangyeon,이상연,상연,11/4/1996,The Boyz,South Korea,176,61,,M,
849,Jacob,Bae Joonyoung,배준영,제이콥,5/30/1997,The Boyz,South Korea,175,60,Toronto,M,
850,Younghoon,Kim Younghoon,김영훈,영훈,8/8/1997,The Boyz,South Korea,182,63,,M,
851,Hyunjae,Lee Jaehyun,이재현,현재,9/13/1997,The Boyz,South Korea,180,62,,M,
852,Juyeon,Lee Juyeon,이주연,주연,1/16/1998,The Boyz,South Korea,180,67,,M,
853,Kevin,Moon Hyungseo,문형서,케빈,2/23/1998,The Boyz,Canada,176,66,,M,
854,New,Choi Chanhee,최찬희,뉴,4/26/1998,The Boyz,South Korea,175,51,Jeonju,M,
855,Q,Ji Changmin,지창민,큐,11/5/1998,The Boyz,South Korea,175,56,,M,
856,Juhaknyeon,Ju Haknyeon,주학년,주학년,3/9/1999,The Boyz,South Korea,175,58,Jeju,M,
857,Hwall,Heo Hyunjoon,허현준,활,3/9/2000,,South Korea,178,56,Busan,M,
858,Sunwoo,Kim Sunwoo,김선우,선우,4/12/2000,The Boyz,South Korea,177,64,,M,
859,Eric,Son Youngjae,손영재,에릭,12/22/2000,The Boyz,South Korea,171,56,,M,
860,Bang Chan,Bang Chan,방찬,방찬,10/3/1997,Stray Kids,Australia,0,0,Sydney,M,
861,Woojin,Kim Woojin,김우진,우진,4/8/1997,,South Korea,0,0,Daejeon,M,
862,Lee Know,Lee Minho,이민호,리노,10/25/1998,Stray Kids,South Korea,0,0,Gimpo,M,
863,Changbin,Seo Changbin,서창빈,창빈,8/11/1999,Stray Kids,South Korea,0,0,Yongin,M,
864,Hyunjin,Hwang Hyunjin,황현진,현진,3/20/2000,Stray Kids,South Korea,0,0,Seoul,M,
865,Han,Han Jisung,한지성,한,9/14/2000,Stray Kids,South Korea,0,0,Incheon,M,
866,Felix,Lee Youngbok,이용복,필릭스,9/15/2000,Stray Kids,South Korea,0,0,Sydney,M,
867,Seungmin,Kim Seungmin,김승민,승민,9/22/2000,Stray Kids,South Korea,0,0,Seoul,M,
868,I.N,Yang Jeongin,양정인,아이엔,2/8/2001,Stray Kids,South Korea,0,0,Busan,M,
870,Samuel,Kim Samuel,김사무엘,사무엘,1/17/2002,,South Korea,0,0,Los Angeles,M,
884,Seunghwan,Lee Seunghwan,이승환,승환,12/10/1994,Romeo,South Korea,0,0,,M,
885,Yunsung,Hwang Yunsung,황윤성,윤성,3/19/1996,Romeo,South Korea,0,0,,M,
886,Milo,Kim Minhak,김민학,마일로,8/20/1996,Romeo,South Korea,0,0,,M,
887,Minsung,Kim Minhwi,김민휘,민성,12/24/1996,Romeo,South Korea,0,0,,M,
888,Kyle,Ma Jaekyung,마재경,카일,1/15/1997,Romeo,South Korea,0,0,,M,
889,Hyunkyung,Kim Hyunjong,김현종,현경,9/5/1998,Romeo,South Korea,0,0,,M,
890,Kangmin,Noh Kangmin,노강민,강민,9/5/1999,Romeo,South Korea,0,0,,M,
900,Yonghoon,Jin Yonghoon,진용훈,용훈,8/17/1994,Onewe,South Korea,0,0,,M,
901,Harin,Ju Harin,주하린,주하린,3/29/1998,Onewe,South Korea,0,0,,M,
902,Kanghyun,Kang Hyungu,강현구,강현,11/24/1998,Onewe,South Korea,0,0,,M,
903,Dongmyeong,Son Dongmyeong,곤동명,동명,1/20/2000,Onewe,South Korea,0,0,,M,
904,Cya,Lee Giwook,이기욱,키야,1/24/2000,Onewe,South Korea,0,0,,M,
905,Ravn,Kim Yoongjo,김영조,레이븐,9/2/1995,Oneus,South Korea,0,0,,M,
906,Seoho,Lee Seoho,이서호,서호,6/7/1996,Oneus,South Korea,0,0,,M,
907,Leedo,Kim Geonhak,김건학,이도,7/26/1997,Oneus,South Korea,0,0,,M,
908,Keonhee,Lee Keonhee,김건희,건희,6/27/1998,Oneus,South Korea,0,0,,M,
909,Hwanwoong,Yeo Hwanwoong,여환웅,환웅,8/26/1998,Oneus,South Korea,0,0,,M,
910,Xion,Son Dongju,손동주,시온,1/10/2000,Oneus,South Korea,0,0,,M,
911,Hyunwook,Ji Hyunwook,지현욱,현욱,7/1/1998,D-CRUNCH,South Korea,0,0,,M,
912,Hyunho,Lee Hyunho,이현호,현호,11/4/1998,D-CRUNCH,South Korea,0,0,,M,
913,O.V,Kim Sanchan,김상찬,오뷔,1/3/1999,D-CRUNCH,South Korea,0,0,,M,
914,Hyunoh,Park Hyunoh,백현우,현우,2/12/1999,D-CRUNCH,South Korea,0,0,,M,
915,Hyunwoo,Baek Hyunwoo,박현오,현오,3/19/1999,D-CRUNCH,South Korea,0,0,,M,
916,Minhyuk,Kim Minhyuk,김민혁,민혁,11/6/1999,D-CRUNCH,South Korea,0,0,,M,
917,Chanyoung,Kim Chanyoung,김찬영,찬영,11/20/2000,D-CRUNCH,South Korea,0,0,,M,
918,Jeongseung,Park Jeongseung,박정승,정승,5/20/2002,D-CRUNCH,South Korea,0,0,,M,
919,Dylan,Park Yeonjae,박연재,딜란,7/26/2002,D-CRUNCH,South Korea,0,0,,M,
951,Dongheon,Lee Dongheon,이동헌,동헌,8/4/1995,Verivery,South Korea,0,0,,M,
952,Hoyoung,Bae Hoyoung,배호영,호영,8/10/1998,Verivery,South Korea,0,0,,M,
953,Minchan,Hong Minchan,홍민찬,민찬,9/16/1998,Verivery,South Korea,0,0,,M,
954,Gyehyeon,Jo Gyehyeon,조계현,계현,5/14/1999,Verivery,South Korea,0,0,,M,
955,Yeonho,Ju Yeonho,주연호,연호,5/31/2000,Verivery,South Korea,0,0,,M,
956,Yongseung,Kim Yongseung,김용승,용승,6/17/2000,Verivery,South Korea,0,0,,M,
957,Kangmin,Yoo Kangmin,유강민,강민,1/25/2003,Verivery,South Korea,0,0,,M,
968,U-Know Yunho,Jung Yunho,정윤호,유노윤호,2/6/1986,TVXQ,South Korea,0,0,Gwangju,M,
969,Max Changmin,Shim Changmin,심창민,최강창민,2/18/1988,TVXQ,South Korea,0,0,Seoul,M,
970,Jaejoong,Kim Jaejoong,김재중,재중,1/26/1986,JYJ,South Korea,0,0,Gongju,M,
971,Yoochun,Park Yoochun,박유천,유천,7/4/1986,JYJ,South Korea,0,0,Seoul,M,
972,Xia Junsu,Kim Junsu,김준수,시아 준수,12/15/1986,JYJ,South Korea,0,0,,M,
973,Euijin,Lee Euijin,이의진,의진,2/15/1990,Bigflo,South Korea,0,0,Seoul,M,
974,Sungmin,Oh Sungmin,오성민,성민,12/31/1990,Bigflo,South Korea,0,0,,M,
975,Lex,Jeon Hyungmin,전형민,렉스,1/12/1993,Bigflo,South Korea,0,0,,M,
976,St. Van,Lee Geumhyuk,이금혁,세인트 반,12/22/1991,VAV,South Korea,182,70,,M,
977,Baron,Choi Chunghyeop,최충협,바론,4/19/1992,VAV,South Korea,180,60,,M,
978,Ace,Jang Wooyoung,장우영,에이스,8/28/1992,VAV,South Korea,177,63,,M,
979,Ayno,Noh Yoonho,노윤호,에이노,5/1/1996,VAV,South Korea,183,61,,M,
980,Jacob,Zhang Peng,장펑,제이콥,9/7/1996,VAV,China,184,63,,M,
981,Lou,Kim Hosung,김호성,로우,12/21/1996,VAV,South Korea,187,69,,M,
982,Ziu,Park Heejun,박희준,지우,6/16/1997,VAV,South Korea,185,70,,M,
983,Hongjoong,Kim Hongjoong,김홍중,홍중,11/7/1998,ATEEZ,South Korea,171,0,,M,
984,Seonghwa,Park Seonghwa,박성화,성화,4/3/1998,ATEEZ,South Korea,178,0,Jinju,M,
985,Yunho,Jeong Yunho,정윤호,윤호,3/23/1999,ATEEZ,South Korea,184,0,Gwangju,M,
986,Yeosang,Kang Yeosang,강여상,여상,6/15/1999,ATEEZ,South Korea,173,0,Incheon,M,
987,San,Choi San,최산,산,7/10/1999,ATEEZ,South Korea,173,0,,M,
988,Mingi,Son Mingi,송민기,민기,8/9/1999,ATEEZ,South Korea,183,0,,M,
989,Wooyoung,Jung Wooyoung,정우영,우영,11/26/1999,ATEEZ,South Korea,172,0,,M,
990,Jongho,Choi Jongho,최종호,종호,10/12/2000,ATEEZ,South Korea,176,0,,M,
991,Narachan,Jung Hyunwoo,정현우,나라찬,9/23/1996,MONT,South Korea,178,58,,M,
992,Bitsaeon,Kim Sangyeon,김상연,빛새온,6/4/1995,MONT,South Korea,181,60,,M,
993,Roda,Shin Joongmin,신중민,로다,9/19/1998,MONT,South Korea,179,60,,M,
1004,Soobin,Choi Soobin,최수빈,수빈,12/5/2000,TXT,South Korea,184,65,,M,
1005,Yeonjun,Choi Yeonjun,최연준,연준,9/13/1999,TXT,South Korea,183,63,,M,
1006,Beomgyu,Choi Beomgyu,최범규,범규,3/13/2001,TXT,South Korea,0,0,,M,
1007,Taehyun,Kang Taehyun,강태현,태현,2/5/2002,TXT,South Korea,0,0,,M,
1008,Hueningkai,Kai Kamal Huening,카이 카말 휴닝,휴닝카이,8/14/2002,TXT,USA,0,0,,M,
1009,Yongha,Yoo Yongha,유용하,용하,1/11/1999,WEi,South Korea,177,64,,M,
1010,Louis,Kim Taewoo,김태우,루이,4/23/1999,BLANK2Y,South Korea,172,62,,M,
1011,Seunghwan,Lee Seunghwan,이승환,승환,5/20/2000,1the9,South Korea,178,64,,M,
1012,Yechan,Shin Yechan,신예찬,예찬,5/14/2001,OMEGA X,South Korea,183,64,Seoul,M,
1013,Junseo,Kim Junseo,김준서,준서,11/20/2001,WEi,South Korea,177,64,Ulsan,M,
1014,DY,Jeon Doyum,전도염,도염,2/21/2002,JUST B,South Korea,175,55,Daejeon,M,
1015,Jinsung,Jung Jinsung,정진성,진성,3/30/2002,1the9,South Korea,176,58,Seoul,M,
1016,Taekhyeon,Jung Taekhyeon,정택현,택현,7/28/2003,1the9,South Korea,178,66,Gunpo,M,
1017,Won,Park Sungwon,박성원,성원,12/18/2003,Ciipher,South Korea,177,58,Seoul,M,
1039,Rubin,Lee Haejoon,이해준,루빈,8/16/1995,1TEAM,South Korea,0,0,,M,
1040,BC,Jin Sungho,진성호,비시,7/18/1994,1TEAM,South Korea,0,0,,M,
1041,XEN,Lee Jinwoo,이진우,젠,2/20/1998,OMEGA X,South Korea,0,0,,M,
1042,Jehyun,Moon Jehyun,문제현,제현,4/20/1999,OMEGA X,South Korea,0,0,,M,
1043,Junghoon,Lee Junghoon,이정훈,정훈,7/4/2000,1TEAM,South Korea,0,0,,M,
1044,Seungwoo,Han Seungwoo,한승우,승우,12/24/1994,VICTON,South Korea,0,0,,M,
1045,Seungsik,Kang Seungsik,강승식,승식,4/16/1995,VICTON,South Korea,0,0,,M,
1046,Heo Chan,Heo Chan,허찬,허찬,12/14/1995,,South Korea,0,0,,M,
1047,Sejun,Lim Sejun,임세준,세준,5/4/1996,VICTON,South Korea,0,0,,M,
1048,Hanse,Do Hanse,도한세,한세,9/25/1997,VICTON,South Korea,0,0,,M,
1049,Byungchan,Choi Byungchan,최병찬,병찬,11/12/1997,VICTON,South Korea,0,0,,M,
1050,Subin,Jung Subin,정수빈,수빈,4/5/1999,VICTON,South Korea,0,0,,M,
1051,E.sol,Jeon Jaehyuk,전재혁,이솔,9/17/1992,14U,South Korea,0,0,,M,
1052,Luha,Lee Gyeonghun,이경훈,루하,2/15/1993,14U,South Korea,0,0,,M,
1053,Gohyeon,Go Hyeon,고현,고현,10/1/1994,14U,South Korea,0,0,,M,
1054,B.S,Lee Youngsoo,이영수,비에스,4/14/1995,14U,South Korea,0,0,,M,
1055,Loudi,Won Jihoon,원지훈,로우디,4/13/1996,14U,Indonesia,0,0,,M,
1056,Eunjae,Kwak Eunjae,곽은재,은재,5/2/1996,14U,South Korea,0,0,,M,
1057,Woojoo,Kim Sangyoon,김상윤,우주,9/18/1996,14U,South Korea,0,0,,M,
1058,Dohyuk,Kim Dohyuk,김도혁,도혁,1/16/1998,14U,South Korea,0,0,,M,
1059,Hyunwoong,Kim Hyunwoong,김현웅,현웅,2/8/1998,14U,South Korea,0,0,,M,
1060,Sejin,Lee Sejin,이세진,세진,7/22/1999,14U,South Korea,0,0,,M,
1061,Youngwoong,Cho Youngwoon,조영웅,영웅,5/1/1999,14U,South Korea,0,0,,M,
1062,Rio,Son Gwanghyuk,손광혁,리오,7/16/1999,14U,South Korea,0,0,,M,
1063,Gyeongtae,Kwon Gyeongtae,권경태,경태,7/23/2000,14U,South Korea,0,0,,M,
1064,Gun,Kwak Gun,곽건,건,9/29/2001,14U,South Korea,0,0,,M,
1065,Seungjun,Ji Seungjun,지승준,승준,9/15/1998,Astin,South Korea,0,0,,M,
1066,Jingyu,Lee Jingyu,이진규,진규,4/22/1998,Astin,South Korea,0,0,,M,
1067,Hongil,Yoon Hongil,윤홍일,홍일,1/11/1999,Astin,South Korea,0,0,,M,
1068,Junghun,Jang Junghun,장정훈,정훈,2/27/1999,Astin,South Korea,0,0,,M,
1069,Yeram,Yang Yeram,양예람,예람,3/31/2000,Astin,South Korea,0,0,,M,
1070,Mir,Lee Yoonsang,이윤상,미르,3/6/2000,Astin,South Korea,0,0,,M,
1071,Hyeongseok,Chu Hyeongseok,추형석,형석,9/13/2000,Astin,South Korea,0,0,,M,
1072,Hyunsuk,Choi Hyunsuk,최현석,현석,4/21/1999,Treasure,South Korea,0,0,Daegu,M,
1073,Jihoon,Park Jihoon,박지훈,지훈,3/14/2000,Treasure,South Korea,0,0,Busan,M,
1074,Yoshi,Kanemoto Yoshinori,카네모토 요시노리,요시,5/15/2000,Treasure,Japan,179,59,Kobe,M,
1075,Junkyu,Kim Junkyu,김준규,준규,9/9/2000,Treasure,South Korea,0,0,,M,
1076,Yoonbin,Ha Yoonbin,하윤빈,윤빈,12/11/2000,,South Korea,0,0,,M,
1077,Mashiho,Takata Mashiho,타카타 마시호,마시호,3/25/2001,Treasure,Japan,0,0,,M,
1078,Jaehyuk,Yoon Jaehyuk,윤재혁,재혁,7/23/2001,Treasure,South Korea,0,0,,M,
1079,Asahi,Hanada Asahi,하나다 아사히,아사히,8/20/2001,Treasure,Japan,0,0,,M,
1080,Yedam,Bang Yedam,방예담,예담,5/7/2002,Treasure,South Korea,0,0,,M,
1081,Doyoung,Kim Doyoung,김도영,도영,12/4/2003,Treasure,South Korea,0,0,,M,
1082,Haruto,Watanabe Haruto,와타나베 하루토,하루토,4/5/2004,Treasure,Japan,0,0,,M,
1083,Jeongwoo,Park Jeongwoo,박정우,정우,9/28/2004,Treasure,South Korea,0,0,,M,
1084,Hyunjun,Lee Hyunjun,이현준,현준,12/21/1999,IZ,South Korea,0,0,,M,
1085,Jihoo,Lim Soojung,임수정,지후,8/5/1998,IZ,South Korea,0,0,,M,
1086,Woosu,Kim Minseok,김민석,우수,11/23/1999,IZ,South Korea,0,0,,M,
1087,Junyoung,Lee Junyoung,이준영,준영,9/23/2000,IZ,South Korea,0,0,,M,
1088,Minjae,Jo Minjae,조민재,민재,8/8/1994,Spectrum,South Korea,0,0,,M,
1089,Dongkyu,Moon Dongkyu,문동규,동규,11/16/1992,Spectrum,South Korea,0,0,,M,
1090,Jaehan,Kim Jaehan,김재한,재한,7/1/1995,OMEGA X,South Korea,0,0,,M,
1091,Hwarang,Park Jonghan,박종찬,종찬,12/5/1995,Spectrum,South Korea,0,0,,M,
1092,Villain,Lee Seunghyun,이승현,빌런,7/17/1998,Spectrum,South Korea,0,0,,M,
1093,Eunjun,Choi Eunjun,최은준,은준,8/6/1999,Spectrum,South Korea,0,0,,M,
1106,Laon,Shin Kyuhyun,신규현,라온,12/19/1995,ENOi,South Korea,177,60,,M,
1107,Dojin,Jeon Yongtae,전용태,도진,3/7/1997,ENOi,South Korea,181,61,,M,
1108,Hamin,Jo Hamin,조하민,하민,10/24/1997,ENOi,South Korea,183,65,,M,
1109,Donghyuk,Park Donghyuk,박동혁,동혁,12/18/1999,BLANK2Y,South Korea,178,61,,M,
1110,Kevin,Park Jinwoo,박진우,케빈,1/12/2000,OMEGA X,South Korea,167,51,,M,
1111,Junghoon,Han Jeonghoon,한정훈,정훈,2/14/2000,OMEGA X,South Korea,177,61,,M,
1112,Hyuk,Yang Hyuk,양혁,혁,3/15/2000,OMEGA X,South Korea,183,67,,M,
1113,Ji Hansol,Ji Hansol,지한솔,지한솔,11/21/1994,Newkidd,South Korea,182,63,Busan,M,jisol_11
1114,Choi Jiann,Choi Jaewoo,최재우,최지안,9/30/1997,Newkidd,South Korea,175,0,,M,
1115,Jinkwon,Kim Jinkwon,김진권,진권,1/31/2001,Newkidd,South Korea,0,0,,M,
1116,Yunmin,Yun Min,윤민,윤민,2/26/2001,Newkidd,South Korea,0,0,,M,
1117,Hwi,Jo Mingyu,조민규,휘,9/26/2002,Newkidd,South Korea,0,0,,M,
1118,Woochul,Shin Woochul,신우철,우철,10/2/2002,Newkidd,South Korea,0,0,,M,
1119,Seungchan,Kang Seungchan,강승찬,승찬,1/1/2003,Newkidd,South Korea,0,0,,M,
1125,BX,Lee Byounggon,이병곤,비엑스,3/5/1998,CIX,South Korea,180,61,Incheon,M,
1126,Seunghun,Kim Seunghun,김승훈,승훈,2/26/1999,CIX,South Korea,181,69,,M,
1127,Yonghee,Kim Yonghee,김용희,용희,2/17/2000,CIX,South Korea,177,59,,M,
1128,Hyunsuk,Yoon Hyunsuk,윤현석,현석,9/8/2001,CIX,South Korea,188,0,,M,
1129,Jeon Woong,Jeon Woong,전웅,전웅,10/15/1997,AB6IX,South Korea,173,0,,M,
1130,Seoham,Park Seoham,박서함,서함,10/28/1993,KNK,South Korea,190,70,,M,
1131,Dongwon,Lee Dongwon,이동원,동원,1/1/1994,KNK,South Korea,184,0,,M,
1132,Inseong,Jeong Inseong,정인성,인성,7/1/1994,KNK,South Korea,183,71,,M,
1133,Jihun,Kim Jihun,김지훈,지훈,2/20/1995,KNK,South Korea,186,73,,M,
1134,Heejun,Oh Heejun,오희준,희준,5/8/1996,KNK,South Korea,180,61,,M,
1135,Jiahn,Yoo Jiahn,유지안,지안,4/1/1992,IN2IT,South Korea,176,57,,M,
1136,Yeontae,Jeong Yeontae,정연태,연태,7/6/1992,IN2IT,South Korea,178,58,,M,
1137,Inho,Hwang Inho,황인호,인호,6/21/1993,IN2IT,South Korea,177,58,,M,
1138,Hyunuk,Han Hyunuk,한현욱,현욱,9/26/1994,IN2IT,South Korea,179,63,,M,
1139,Isaac,Voo Isaak,부 아이젝,아이젝,12/12/1994,IN2IT,Malaysia,176,56,,M,
1140,Inpyo,Lee Inpyo,이인표,인표,8/14/1995,IN2IT,South Korea,182,66,,M,
1141,Sunghyun,Kim Sunghyun,김성현,성현,3/16/1996,IN2IT,South Korea,186,71,,M,
1142,Moonvok,Jang Moonvok,장문복,문복,4/11/1995,Limitless,South Korea,168,48,,M,
1143,Hwichan,Lee Heechan,이휘찬,휘찬,4/18/1996,Limitless,South Korea,0,0,,M,
1144,A.M,Seong Hyunwoo,성현우,에이엠,12/31/1996,Limitless,South Korea,181,62,,M,
1145,Heeseok,Yun Heeseok,윤희석,희석,6/10/1997,Limitless,South Korea,180,61,,M,
1151,Eson,Kim Jungmin,김정민,이슨,12/28/1996,We In The Zone,South Korea,177,63,Honolulu,M,
1152,Jooan,Im Jimyoung,임지명,주안,10/4/1996,We In The Zone,South Korea,173,58,Dongtan,M,
1153,Kyeongheon,Yoon Kyeongheon,윤경헌,경헌,1/6/1998,We In The Zone,South Korea,175,60,Suncheon,M,
1154,Min,Lee Mincheon,이민천,민,10/16/1997,We In The Zone,South Korea,171,50,Seoul,M,
1155,Shihyun,Kim Shihyun,김시현,시현,5/6/1998,We In The Zone,South Korea,0,0,Changwon,M,
1156,Yixuan,Zhou Yixuan,조이쉔,이쉔,12/11/1990,UNIQ,China,183,65,,M,
1157,Sungjoo,Kim Sungjoo,김성주,성주,2/16/1994,UNIQ,South Korea,180,65,,M,
1158,Wenhan,Li Wenhan,리원한,원한,7/22/1994,UNIQ,China,180,64,,M,
1159,Seungyoon,Cho Seungyoon,조승연,승연,8/5/1996,UNIQ,South Korea,183,68,,M,
1160,Yibo,Wang Yibo,왕이보,이보,8/5/1997,UNIQ,China,182,65,,M,
1161,Yohan,Kim Yohan,김요한,요한,9/22/1999,WEi,South Korea,181,66,,M,
1162,Junho,Cha Junho,차준호,준호,7/9/2002,DRIPPIN,South Korea,178,63,,M,
1163,Dongpyo,Son Dongpyo,손동표,동표,9/9/2002,Mirae,South Korea,166,48,,M,
1164,Minhee,Kang Minhee,강민희,민희,9/17/2002,CRAVITY,South Korea,185,58,,M,
1165,Eunsang,Lee Eunsang,이은상,은상,10/26/2002,YOUNITE,South Korea,180,58,,M,
1166,Hyeongjun,Song Hyeongjun,송형준,형준,11/30/2002,CRAVITY,South Korea,174,55,,M,
1167,Dohyon,Nam Dohyon,남도현,도현,11/10/2004,BAE173,South Korea,180,62,,M,
1175,Wondae,Seol Wondae,설원대,원대,4/28/1998,Dongkiz,South Korea,180,63,,M,
1176,Kyungyoon,Lee Kyungyoon,이경윤,경윤,2/21/2000,Dongkiz,South Korea,177,58,,M,
1177,Munik,Jang Moonik,장문익,문익,3/20/2001,Dongkiz,South Korea,173,50,,M,
1178,Jaechan,Park Jaechan,박재찬,재찬,12/6/2001,Dongkiz,South Korea,177,58,,M,
1179,Jonghyeong,Kim Jonghyeong,김종형,종형,4/13/2002,Dongkiz,South Korea,178,65,,M,
1180,Yonggeun,Jo Yonggeun,조용근,용근,1/23/1995,D1CE,South Korea,174,54,,M,
1181,Hyunsoo,Kim Hyunsoo,김현수,현수,4/12/1995,D1CE,South Korea,176,60,,M,
1182,Yoojun,Jun Yoojun,정유준,유준,7/26/1995,D1CE,South Korea,0,0,,M,
1183,Woodam,Park Woodam,박우담,우담,8/2/1995,D1CE,South Korea,173,0,,M,
1184,Jinyoung,Woo Jinyoung,우진영,진영,5/31/1997,D1CE,South Korea,170,51,,M,
1185,Taedong,Kim Taedong,김태동,태동,11/7/1997,OMEGA X,South Korea,177,61,,M,
1186,Yehyeon,Kim Yehyeon,김예현,예현,9/12/1999,GIDONGDAE,South Korea,176,63,,M,
1187,Wonjin,Won Jin,원진,원진,1/1/2003,GIDONGDAE,South Korea,0,0,,M,
1188,Youngho,Noh Youngho,노영호,영호,3/24/1993,SIGNAL,South Korea,0,0,,M,
1189,Gihwan,Kim Gihwan,김기환,기환,11/24/1993,SIGNAL,South Korea,0,0,,M,
1190,Kyuhwan,Lee Kyuhwan,이규환,규환,9/18/1994,SIGNAL,South Korea,0,0,,M,
1191,Bokeun,Kim Bokeun,김복은,복은,10/12/1994,SIGNAL,South Korea,0,0,,M,
1223,Kain,Bang Junho,방준호,카인,3/25/1997,ARGON,South Korea,178,0,,M,
1224,Haneul,Lee Haneul,이하늘,하늘,6/3/1996,ARGON,South Korea,175,0,,M,
1225,Roel,Kim Sunho,김선호,로엘,2/13/1997,ARGON,South Korea,0,0,,M,
1226,Yeoun,Lee Kyeongbin,이경빈,여운,9/3/1997,ARGON,South Korea,0,0,,M,
1227,Gon,Kim Seongjung,김성중,곤,11/13/1998,ARGON,South Korea,0,0,,M,
1228,Jaeun,Ha Jaeun,한재운,재운,9/28/1999,ARGON,South Korea,0,0,,M,
1235,Kookheon,Kim Kookheon,김국헌,국헌,4/15/1997,B.O.Y,South Korea,0,0,,M,
1236,Yuvin,Song Yuvin,송유빈,유빈,4/28/1998,B.O.Y,South Korea,0,0,,M,
1237,Kim Yoon,Kim Seongsu,김성수,김윤,2/17/1994,DUSTIN,South Korea,183,65,,M,
1238,Siu,Hwang Inseok,황인석,시우,5/19/1995,DUSTIN,South Korea,0,0,,M,
1239,Daon,Ahn Seonil,안선일,다온,12/10/2000,DUSTIN,South Korea,0,0,,M,
1240,Seunghan,Lee Seunghan,이승한,승한,2/22/1996,DUSTIN,South Korea,0,0,,M,
1241,Hwani,Jo Sihyeon,조시환,화니,11/16/1994,DUSTIN,South Korea,0,0,,M,
1242,JJ,Jun Jihyeok,전진혁,제이제이,12/11/1998,DUSTIN,South Korea,0,0,,M,
1243,BEL,Choi Sunghoon,최성훈,벨,5/21/2000,DUSTIN,South Korea,0,0,,M,
1245,Love,Park Jisung,박지성,러브,1/17/1994,,South Korea,0,0,,M,
1246,KB,Shin Kyubin,신규빈,규빈,4/23/1994,OnlyOneOf,South Korea,0,0,,M,
1247,Junji,Kim Junhyung,김준형,준지,4/6/1998,OnlyOneOf,South Korea,0,0,,M,
1248,Yoojung,Lee Taeyeop,이태엽,유정,5/19/1997,OnlyOneOf,South Korea,0,0,,M,
1249,Rie,Lee Seungho,이성호,리에,11/6/1996,OnlyOneOf,South Korea,0,0,,M,
1250,Mill,Lee Yongsoo,이용수,밀,3/30/1999,OnlyOneOf,South Korea,0,0,,M,
1251,Nine,Jung Wookjin,정욱진,나인,12/13/1999,OnlyOneOf,South Korea,0,0,,M,
1254,Castle J,Son Sangjoon,손성준,캐슬제이,5/31/1999,MCND,South Korea,0,0,,M,
1255,Bic,Nam Seungmin,남승민,빅,4/25/2001,MCND,South Korea,0,0,,M,
1256,Minjae,Song Minjae,송민재,민재,8/23/2003,MCND,South Korea,0,0,,M,
1257,Huijun,Noh Huijun,노휘준,휘준,10/7/2003,MCND,South Korea,0,0,,M,
1258,Win,Bang Junhyuk,방준혁,윈,12/19/2004,MCND,South Korea,0,0,,M,
1259,Changgyu,Song Changgyu,송창규,창규,7/6/1993,UNVS,South Korea,0,0,,M,
1260,YY,Kim Moonyong,김문용,와이와이,8/30/1991,UNVS,South Korea,0,0,,M,
1261,Jen,Kim Yehyeon,김예현,젠,3/27/1997,UNVS,South Korea,0,0,,M,
1262,Jun H.,Im Joonhyun,임준현,준현,8/28/1991,UNVS,South Korea,0,0,,M,
1263,Eunho,Shin Donggeun,신동근,은호,9/10/1992,UNVS,South Korea,0,0,,M,
1264,Jinwoo,Lee Jinwoo,이진우,진우,9/13/2004,Ghost9,South Korea,176,57,,M,
1265,Taesung,Lee Taesung,이태승,태승,12/19/2003,,South Korea,184,64,,M,
1266,Woojin,Lee Woojin,이우진,우진,4/7/2003,Ghost9,South Korea,178,65,,M,
1267,Serim,Park Serim,박세림,세림,3/3/1999,CRAVITY,South Korea,0,0,,M,
1268,Allen,Allen Ma,앨런 마,앨런,4/26/1999,CRAVITY,USA,0,0,,M,
1269,Jungmo,Koo Jungmo,구정모,정모,2/5/2000,CRAVITY,South Korea,181,58,,M,
1270,Woobin,Seo Woobin,서우빈,우빈,10/16/2000,CRAVITY,South Korea,0,0,,M,
1271,Wonjin,Ham Wonjin,함원진,원진,3/22/2001,CRAVITY,South Korea,174,57,,M,
1273,Taeyoung,Kim Taeyoung,김태영,태영,1/27/2003,CRAVITY,South Korea,0,0,,M,
1274,Seongmin,Ahn Seongmin,안성민,성민,8/1/2003,CRAVITY,South Korea,0,0,,M,
1275,Chihoon,Choi Chihoon,최치훈,치훈,4/27/1999,TOO,South Korea,0,0,,M,
1276,Donggeon,Song Donggeon,송동건,동건,7/15/1999,TOO,South Korea,0,0,,M,
1277,Chan,Jo Chanhyuk,조찬혁,찬,12/8/1999,TOO,South Korea,0,0,,M,
1278,Jisu,Choi Jisu,최지수,지수,1/19/2000,TOO,South Korea,0,0,,M,
1279,Minsu,Kim Minsu,김민수,민수,3/20/2000,TOO,South Korea,0,0,,M,
1280,Jaeyun,Lee Jaeyun,이재윤,이재윤,8/16/2000,TOO,South Korea,0,0,,M,
1281,J.YOU,Kim Jaeyu,김제유,제유,11/2/2000,TOO,South Korea,0,0,,M,
1282,Kyungho,Jang Kyungho,장경호,경호,5/7/2001,TOO,South Korea,0,0,,M,
1283,Jerome,Oh Sungmin,오성민,제롬,8/25/2001,TOO,South Korea,0,0,,M,
1284,Woonggi,Cha Woonggi,차웅기,웅기,4/23/2002,TOO,South Korea,0,0,,M,
1309,Seokhwa,Kang Seokhwa,강석화,석화,12/1/2000,WEi,South Korea,172,56,,M,
1315,Rano,Byun Yongseop,변용섭,라노,12/10/1998,E'LAST,South Korea,175,60,,M,
1316,Won Hyuk,Won Hyuk,원혁,원혁,2/22/2002,E'LAST,South Korea,181,63,,M,
1317,Wonjun,Lee Wonjun,이원준,원준,3/8/2002,E'LAST,South Korea,0,0,,M,
1318,Choi In,Choi In,최인,최인,2/11/1996,E'LAST,South Korea,170,50,,M,
1319,Seungyeop,Choi Seungyeop,최승엽,승엽,5/8/1997,E'LAST,South Korea,176,60,,M,
1320,Baekgyeul,Baek Sunwoo,백결,백선우,12/1/1999,E'LAST,South Korea,180,61,,M,
1321,Romin,Choi Youngmin,최영민,로민,4/24/2001,E'LAST,South Korea,179,58,,M,
1322,Yejun,Oh Yejun,오예준,예준,8/23/2002,E'LAST,South Korea,178,58,,M,
1323,Minho,Lee Minho,이민호,민호,9/4/1995,MY.st,South Korea,0,0,,M,
1324,Juntae,Kim Juntae,김준태,준태,9/4/1995,MY.st,South Korea,0,0,,M,
1325,Woncheol,Jung Woncheol,정원철,원철,1/12/1996,MY.st,South Korea,0,0,,M,
1326,Woojin,Lee Woojin,이우진,우진,11/22/1996,MY.st,South Korea,0,0,,M,
1327,Keonwoo,Kim Keonwoo,김건우,건우,12/17/1996,MY.st,South Korea,0,0,,M,
1345,Junghwan,So Junghwan,소정환,정환,2/18/2005,Treasure,South Korea,0,0,,M,
1346,Lee Hyeop,Lee Hyeop,이협,이협,8/13/1999,DRIPPIN,South Korea,177,57,,M,
1347,Yunseong,Hwang Yunseong,황윤성,윤성,10/30/2000,DRIPPIN,South Korea,181,60,,M,
1348,Changuk,Joo Changuk,주창욱,창욱,7/25/2001,DRIPPIN,South Korea,184,59,,M,
1349,Dongyun,Kim Dongyun,김동윤,동윤,2/18/2002,DRIPPIN,South Korea,177,61,,M,
1350,Minseo,Kim Minseo,김민서,민서,5/13/2002,DRIPPIN,South Korea,177,53,,M,
1351,Alex,Alexander Schmidt Lee,알렉산더 슈미트 리,알렉스,10/6/2004,DRIPPIN,Germany,180,0,,M,
1352,Dongjun,Hwang Dongjun,황동준,동준,9/7/1999,,South Korea,0,0,,M,
1353,Junhyung,Son Junhyung,손준형,준형,10/21/2000,Ghost9,South Korea,0,0,,M,
1354,Kangsung,Lee Kangsung,이강성,강성,8/8/2002,Ghost9,South Korea,0,0,,M,
1355,Junseong,Choi Junseong,최준성,준성,9/29/2002,Ghost9,South Korea,170,55,,M,
1356,Prince,Pasidh Vataniyapromote,파싯 와타니야쁘라못,프린스,1/10/2003,Ghost9,Thailand,0,0,,M,
1357,Keeho,Yoon Kiho,윤기호,기호,9/27/2001,P1Harmony,Canada,0,0,,M,
1358,Jiung,Choi Jiwoong,최지웅,지웅,10/7/2001,P1Harmony,South Korea,0,0,,M,
1359,Intak,Hwang Intak,황인탁,인탁,8/31/2003,P1Harmony,South Korea,0,0,,M,
1360,Soul,Haku Shota,하쿠 쇼타,소울,2/1/2005,P1Harmony,Japan,0,0,,M,
1361,Jongseob,Kim Jongseob,김종섭,종섭,11/19/2005,P1Harmony,South Korea,173,0,,M,
1362,Jungwon,Yang Jungwon,양정원,정원,2/9/2004,ENHYPEN,South Korea,0,0,,M,
1363,Jay,Park Jongsung,박종성,제이,4/20/2002,ENHYPEN,South Korea,0,0,,M,
1364,Jake,Shim Jaeyoon,심재윤,제이크,11/15/2002,ENHYPEN,South Korea,0,0,,M,
1365,Ni-Ki,Nishimura Riki,니시무라 리키,니키,12/9/2005,ENHYPEN,Japan,0,0,,M,
1366,Heeseung,Lee Heeseung,이희승,희승,10/15/2001,ENHYPEN,South Korea,0,0,,M,
1367,Sunghoon,Park Sunghoon,박성훈,성훈,12/8/2002,ENHYPEN,South Korea,0,0,,M,
1368,Sunoo,Kim Sunwoo,김선우,선우,6/24/2003,ENHYPEN,South Korea,0,0,,M,
1369,Shin,Kim Suhyun,김수현,신,3/18/2000,Ghost9,South Korea,0,0,,M,
1370,Theo,Choi Taeyang,최태양,태오,7/1/2001,P1Harmony,South Korea,0,0,,M,
1371,E-Chan,Lee Changmin,이창민,이찬,2/19/1997,DKB,South Korea,178,63,,M,
1372,D1,Jang Dongil,장동일,디원,2/15/1998,DKB,South Korea,174,59,,M,
1373,Teo,Jang Sungsik,장성식,테오,10/22/1997,DKB,South Korea,177,64,,M,
1374,GK,Kim Kwanghyun,김광현,지케이,9/29/1998,DKB,South Korea,177,60,,M,
1375,Heechan,Yang Heechan,양희찬,희찬,7/31/1999,DKB,South Korea,176,63,,M,
1376,Lune,Jung Sungmin,정성민,룬,2/27/2000,DKB,South Korea,176,55,,M,
1377,Junseo,Hwang Junseo,황준서,준서,1/16/2001,DKB,South Korea,182,67,,M,
1378,Yuku,Amanumu Yuku,아마누마 유쿠,유쿠,5/12/2002,DKB,Japan,176,55,,M,
1379,Harry-June,Han Harry-June,한해리준,해리준,1/1/2004,DKB,South Korea,178,61,,M,
1399,Nason,Kim Duyeop,김두엽,네이슨,6/12/1995,CHECKMATE,South Korea,0,0,,M,
1400,Yongseok,Choi Yongseok,최용석,용석,5/23/1996,CHECKMATE,South Korea,0,0,,M,
1401,Noah,Hwang Seundae,황승대,노아,3/18/1998,CHECKMATE,South Korea,0,0,,M,
1418,J-Min,Jeon Minwook,전민욱,제이민,10/16/1999,BAE173,South Korea,0,0,,M,
1419,Yoojun,Jung Gun,정건,유준,12/27/2000,BAE173,South Korea,0,0,,M,
1420,Muzin,Kim Hyunwoo,김현우,무진,3/29/2001,BAE173,South Korea,0,0,,M,
1421,Junseo,Park Junseo,박준서,준서,12/28/2001,BAE173,South Korea,0,0,,M,
1422,Youngseo,Ryu Youngseo,류영서,영서,6/13/2002,BAE173,South Korea,0,0,,M,
1423,Doha,Na Gyumin,나규민,도하,3/7/2004,BAE173,South Korea,0,0,,M,
1424,Bit,No Minjae,노민재,빛,7/21/2004,BAE173,South Korea,0,0,,M,
1425,Shotaro,Osaki Shotaro,오사키 쇼타로,쇼타로,11/25/2000,NCT,Japan,0,0,,M,
1426,Sungchan,Jung Sungchan,정성찬,성찬,9/13/2001,NCT,South Korea,0,0,,M,
1434,Noah,Song Yubin,송유빈,노아,8/2/2000,T1419,South Korea,0,0,,M,
1435,Sian,Choi Changmin,최창민,시안,2/1/2001,T1419,South Korea,0,0,,M,
1436,Kevin,Baek Seungbin,백승빈,케빈,4/8/2001,T1419,South Korea,0,0,,M,
1437,Gunwoo,Kim Gunwoo,김건우,건우,5/28/2002,T1419,South Korea,0,0,,M,
1438,Leo,Hayase Leo,하야세 레오,레오,10/8/2002,T1419,Japan,0,0,,M,
1439,On,Choi Juhwan,최주환,온,10/16/2002,T1419,South Korea,0,0,,M,
1440,Zero,Nasukawa Shota,나스카와 쇼타,제로,1/20/2003,T1419,Japan,0,0,,M,
1441,Kairi,Imai Kairi,이마이 카이리,카이리,2/24/2003,T1419,Japan,0,0,,M,
1442,Kio,Udo Musashi,우도 무사시,키오,11/28/2004,T1419,South Korea,0,0,,M,
1448,Louis,Yang Dongsik,양동식,루이,4/8/2001,Kingdom,South Korea,0,0,,M,
1449,Chiwoo,Guk Seungjun,국승준,치우,9/2/2002,Kingdom,South Korea,0,0,,M,
1450,Ivan,Park Yooseong,박유성,아이반,10/12/2001,Kingdom,South Korea,0,0,,M,
1451,Mujin,Ko Sungho,고성호,무진,11/20/2000,Kingdom,South Korea,0,0,,M,
1452,Jahan,Im Jihun,임지훈,자한,8/1/2002,Kingdom,South Korea,0,0,,M,
1453,Eric,Moon Junghyuk,문정혁,에릭,2/16/1979,Shinhwa,South Korea,180,70,Seoul,M,
1454,Minwoo,Lee Minwoo,이민우,민우,7/28/1979,Shinhwa,South Korea,172,60,Namwon,M,
1455,Dongwan,Kim Dongwan,김동완,동완,11/21/1979,Shinhwa,South Korea,173,68,Pohang,M,
1456,Shin Hyesung,Jung Pilkyo,정필교,신혜성,11/27/1979,Shinhwa,South Korea,179,65,Seoul,M,
1457,Jun Jin,Park Choongjae,박충재,전진,8/19/1980,Shinhwa,South Korea,182,75,Seoul,M,
1458,Andy,Lee Sunho,이선호,앤디,1/21/1981,Shinhwa,South Korea,175,62,Seoul,M,
1472,Tan,Choi Seokwon,최석원,탄,8/25/1996,Ciipher,South Korea,184,75,,M,
1473,Hwi,Lee Choonghyun,이충현,휘,2/4/1999,Ciipher,South Korea,172,61,,M,
1474,Hyunbin,Moon Hyunbin,문현빈,현빈,2/26/2000,Ciipher,South Korea,177,61,,M,
1475,Keita,Terazono Keita,테라조노 케이타,케이타,7/4/2001,Ciipher,Japan,170,59,,M,
1476,TAG,Yeom Taekyun,염태균,태그,9/30/2002,Ciipher,South Korea,176,54,,M,
1477,Dohwan,Gil Dohwan,길도환,도환,8/26/2003,Ciipher,South Korea,175,61,,M,
1478,Lien,Shimada Sho,시마다 쇼,리안,3/11/1998,Mirae,Japan,0,0,Osaka,M,
1479,Junhyuk,Lee Junhyuk,이준혁,이준혁,5/16/2000,Mirae,South Korea,180,63,Seoul,M,
1480,Douhyun,Yoo Douhyun,유도현,도현,12/25/2000,Mirae,South Korea,0,0,,M,
1481,Khael,Lee Sangmin,이상민,카엘,1/18/2002,Mirae,South Korea,178,58,,M,
1482,Siyoung,Park Siyoung,박시영,시영,5/6/2003,Mirae,South Korea,172,55,,M,
1483,Yubin,Jang Yubin,장유빈,유빈,6/10/2004,Mirae,South Korea,0,0,,M,
1484,Juhan,Hong Seunghyun,홍승현,주한,6/21/2001,BLITZERS,South Korea,0,0,,M,
1485,Jinhwa,Choi Jinhwa,최진화,진화,1/15/2002,BLITZERS,South Korea,180,64,,M,
1486,Sya,Lee Junyoung,이준영,샤,9/9/2002,BLITZERS,South Korea,0,0,,M,
1487,Lutan,Choi Gyeongseok,최경석,루탄,12/6/2003,BLITZERS,South Korea,0,0,,M,
1488,Wooju,Cho Wooju,조우주,우주,1/21/2004,BLITZERS,South Korea,0,0,,M,
1489,Go_U,Jang Junho,고유,장준호,6/15/2001,BLITZERS,South Korea,0,0,,M,
1490,Chris,Han Chris,한 크리스,크리스,11/19/2002,BLITZERS,South Korea,0,0,,M,
1504,Andy,Lui Chunyeung,루이쯔양,앤디,10/6/1994,7 O'clock,Hong Kong,0,0,,M,
1505,Hangyeom,Song Hangyeom,송한겸,한겸,7/17/1996,OMEGA X,South Korea,0,0,,M,
1506,Hyun,Park Sunghyun,박성현,성현,8/25/1997,7 O'clock,South Korea,176,58,Suwon,M,
1507,2Soul,Kim Younghoon,김영훈,이솔,9/10/1997,7 O'clock,South Korea,172,55,,M,
1508,Jeonggyu,Lim Jeonggyu,임정규,정규,11/5/1997,7 O'clock,South Korea,181,62,,M,
1509,Taeyoung,Kim Taeyoung,김태영,태영,6/18/1999,7 O'clock,South Korea,0,0,,M,
1510,Rui,Jang Rui,장루이,루이,3/7/2000,7 O'clock,South Korea,178,63,Seoul,M,
1511,Geonu,Lee Geonwoo,이건우,건우,2/2/2001,JUST B,South Korea,176,0,,M,
1512,Bain,Song Byeonghee,송병희,배인,5/4/2001,JUST B,South Korea,0,0,,M,
1513,Lim Jimin,Lim Jimin,임지민,임지민,5/22/2001,JUST B,South Korea,178,59,,M,
1514,JM,Chu Jimin,추지민,지민,10/11/2001,JUST B,South Korea,173,0,,M,
1515,Sangwoo,Kim Sangwoo,김상우,상우,9/3/2002,JUST B,South Korea,0,0,,M,
1523,Steven,Kim Steven,킴 스티븐,스티븐,1/17/2000,Luminous,South Korea,176,57,Sydney,M,
1524,Suil,Ma Suil,마수일,수일,3/30/1999,Luminous,South Korea,170,50,Gwangju,M,
1525,Youngbin,Jeong Youngbin,정영빈,영빈,10/5/1998,Luminous,South Korea,172,55,Seongju,M,
1526,Woobin,Jeong Woobin,정우빈,우빈,4/1/2000,Luminous,South Korea,0,0,Busan,M,
1539,Wish,Kwak Dawit,곽다윗,위시,6/11/2002,EPEX,South Korea,184,69,,M,
1540,Keum,Keum Donghyun,금동현,금,5/14/2003,EPEX,South Korea,176,57,Okcheon,M,
1541,Mu,Suh Kyungmin,서경민,뮤,9/14/2003,EPEX,South Korea,184,63,,M,
1542,A-min,Cho Minwoo,조민우,아민,5/22/2004,EPEX,South Korea,175,54,Namyangju,M,
1543,Baek Seung,Kim Hyunwoo,김현우,백승,10/5/2004,EPEX,South Korea,186,64,Seoul,M,
1544,Ayden,Kwon Yejun,권예준,에이든,1/24/2005,EPEX,South Korea,174,55,,M,
1545,Yewang,Seo Yewang,서예왕,예왕,3/12/2005,EPEX,South Korea,180,64,,M,
1546,Jeff,Lee Jaeho,이재호,제프,4/21/2005,EPEX,South Korea,179,61,,M,
1578,Hanbin,Ngo Ngoc Hung,응오 응옥 흥,한빈,1/19/1998,TEMPEST,Vietnam,176,0,,M,
1579,Hyungseop,Ahn Hyungseop,안형섭,형섭,8/9/1999,TEMPEST,South Korea,173,58,,M,
1580,Hyuk,Koo Bonhyuk,구본혁,혁,4/17/2000,TEMPEST,South Korea,0,0,,M,
1581,Lew,Lee Euiwoong,이의웅,루,4/5/2001,TEMPEST,South Korea,170,55,,M,
1582,Hwarang,Son Jaewon,송재원,화랑,4/23/2001,TEMPEST,South Korea,179,61,,M,
1583,Eunchan,Choi Byeongseop,최병섭,은찬,2/27/2001,TEMPEST,South Korea,184,0,,M,
1584,Taerae,Kim Taerae,김태래,태래,9/5/2002,TEMPEST,South Korea,0,0,,M,
1603,DK,Kim Dokyun,김도균,닥,2/16/1998,BLANK2Y,South Korea,0,0,,M,
1604,Siwoo,Park Siwoo,박시우,시우,2/5/2001,BLANK2Y,South Korea,174,54,,M,
1605,Mikey,Morisaki Daisuke,모리사키 다이스케,마이키,5/5/2001,BLANK2Y,Japan,176,58,Hyogo,M,
1606,U,Sun Hengyu,쑨헝위,유,6/22/2001,BLANK2Y,China,0,0,,M,
1607,Youngbin,Lee Youngbin,이영빈,영빈,11/23/2001,BLANK2Y,South Korea,0,0,,M,
1608,Sungjun,Lee Sungjun,이성준,성준,6/15/2002,BLANK2Y,South Korea,0,0,,M,
1609,Sodam,Park Sodam,박소담,박소담,11/26/2004,BLANK2Y,South Korea,0,0,,M,
1610,Eden,Jae Won,재원,이든,3/27/1998,NINE.i,South Korea,0,0,,M,
1611,Winnie,,,위니,11/18/1998,NINE.i,Thailand,0,0,,M,
1612,Jewon,Woo Jewon,우제원,제원,11/28/1998,NINE.i,South Korea,170,55,,M,
1613,Minjun,Kim Minjun,김민준,민준,2/26/1999,NINE.i,South Korea,0,0,,M,
1614,Vahn,Kim Jungwoo,김정우,반,5/7/1999,NINE.i,South Korea,175,58,,M,
1615,Vari,Jae Hyun,재현,베리,9/3/2000,NINE.i,South Korea,0,0,,M,
1616,Seowon,Seo Won,서원,서원,12/18/2000,NINE.i,South Korea,0,0,,M,
1617,Taehun,Lee Taehoon,이태훈,태훈,3/21/2000,NINE.i,South Korea,0,0,,M,
1618,Joohyoung,Kim Joohyoung,김주형,주형,3/15/2003,NINE.i,South Korea,0,0,,M,
1619,Jiho,Jang Jiho,장지호,지호,8/10/2004,NINE.i,South Korea,0,0,Gyeonggi,M,
1620,Eunho,Myung Eunho,명은호,은호,3/25/2001,YOUNITE,South Korea,0,0,,M,
1621,Steve,Lim Dohyun,임도현,스티브,3/9/2002,YOUNITE,South Korea,0,0,Los Angeles,M,
1622,Hyunseung,Kim Hyunseung,김현승,현승,10/15/2002,YOUNITE,South Korea,0,0,,M,
1623,Hyungseok,Song Hyungseok,송형석,형석,11/6/2002,YOUNITE,South Korea,0,0,,M,
1624,Woono,Song Wonho,홍원호,우노,4/5/2003,YOUNITE,South Korea,0,0,,M,
1625,Dey,Kim Sehyun,김세현,데이,6/11/2003,YOUNITE,South Korea,0,0,,M,
1626,Kyungmun,Lim Kyungmun,임경문,경문,6/29/2003,YOUNITE,South Korea,0,0,,M,
1627,Sion,Kim Sion,김시온,시온,10/19/2004,YOUNITE,South Korea,0,0,,M,
1643,Kyungjun,Woo Kyungjun,우경준,경준,8/30/2002,TNX,South Korea,0,0,,M,
1644,Taehun,Choi Taehun,최태훈,태훈,11/19/2002,TNX,South Korea,0,0,,M,
1645,Hyunsoo,Jang Hyunsoo,장현수,현수,9/16/2003,TNX,South Korea,0,0,,M,
1646,Junheok,Cheon Junheok,천준혁,준혁,9/20/2004,TNX,South Korea,0,0,Hwaseong,M,
1647,Eun Hwi,Eun Hwi,은휘,은휘,11/11/2004,TNX,South Korea,178,0,,M,
1648,Sungjun,Oh Sungjun,오성준,성준,8/30/2005,TNX,South Korea,0,0,Dalcheon,M,
1649,Junseok,Oh Junseok,오준석,준석,3/3/2003,ATBO,South Korea,0,0,Jeju,M,
1650,Junmin,Ryu Junmin,류준민,준민,4/5/2003,ATBO,South Korea,0,0,,M,
1651,Hyunjun,Bae Hyunjun,배현준,현준,6/6/2003,ATBO,South Korea,0,0,Seoul,M,
1652,Rakwon,Seok Rakwon,석락원,락원,11/14/2003,ATBO,South Korea,0,0,,M,
1653,Seunghwan,Jeong Seunghwan,정승환,승환,1/27/2004,ATBO,South Korea,0,0,Busan,M,
1654,Yeonkyu,Kim Yeonkyu,김연규,연규,5/3/2004,ATBO,South Korea,0,0,Seoul,M,
1655,Won Bin,Won Bin,원빈,원빈,7/1/2004,ATBO,South Korea,0,0,Goyang,M,
